trade_id,symbol,signal_date,entry_date,signal_close_to_next_open_pct,next_open_to_close_day1_pct,day1_to_day3_pct,day3_to_day5_pct,day5_to_day10_pct,mae_pct,mfe_pct,net_return_x2_pct
DSS-BO-001-00001,ZETA,2024-04-26,2024-04-29,0.2327385570209506,-2.1671826625386914,-0.2373417721519111,3.0927835051546504,21.38461538461538,-5.108359133126939,24.535603715170275,21.936222910216706
DSS-BO-001-00002,AX,2024-05-01,2024-05-02,2.2342342342342336,0.9693338033133436,3.351370221679173,2.3644654619152217,0.8744431611945158,-2.32640112795206,11.032781106802947,7.55467042650686
DSS-BO-001-00003,OLLI,2024-05-03,2024-05-06,2.2265625000000178,0.21653292574195238,0.05083884087442314,-5.360772357723576,-1.785234899328858,-8.049929945229916,2.3691249522353797,-7.001681314482234
DSS-BO-001-00004,FRPT,2024-05-06,2024-05-07,1.4459224985540864,-1.694086984850951,-0.505385252692625,5.945540844366715,-0.4401477638921625,-3.7221045772927286,5.220719986968558,2.968268447629918
DSS-BO-001-00005,BROS,2024-05-10,2024-05-13,-2.8587288370802155,0.5142857142857116,7.3905628197839635,-2.6733721545791345,-3.9978243132989033,-3.1428571428571472,9.742857142857142,0.6571428571428453
DSS-BO-001-00006,CARG,2024-05-10,2024-05-13,0.28901734104045396,-0.9880609304240395,-1.039501039501034,-0.9663865546218453,-0.42426813746287984,-4.487443392342527,2.8406751749691317,-3.5758748456154787
DSS-BO-001-00007,RXRX,2024-05-13,2024-05-14,2.6371308016877704,3.288797533401855,-6.26865671641792,0.9554140127388422,-9.779179810725546,-14.080164439876675,9.660842754367938,-12.0191161356629
DSS-BO-001-00008,MNDY,2024-05-15,2024-05-16,0.9604929322218236,2.4950637228504657,5.713660245183871,1.3543176641126475,-7.686335403726707,-1.830910070005387,11.757314665230645,1.1776700771854112
DSS-BO-001-00009,GH,2024-05-16,2024-05-17,0.9908536585365946,-4.3018867924528355,-11.238170347003152,13.371834740115496,7.405956112852663,-15.471698113207555,5.24528301886793,3.233962264150936
DSS-BO-001-00010,GOOG,2024-05-17,2024-05-20,0.01138044838966401,0.6486117432862981,-1.9050310910118773,1.6884688526479508,-1.6207639125014217,-3.5730541647701397,1.490669094219399,-1.428948566226673
DSS-BO-001-00011,GOOGL,2024-05-20,2024-05-21,-0.005702554744535515,0.5360707157114231,-1.6109819048159335,0.5188815220524612,-0.2753082879265789,-4.22013116623895,0.7584830339321336,-1.0440262332477854
DSS-BO-001-00012,CALM,2024-05-21,2024-05-22,0.0,-2.056698165647586,1.191827468785478,-0.6730229949523214,-2.4091850178806773,-5.540114878636282,1.5193626088567669,-4.128108208263848
DSS-BO-001-00013,MSFT,2024-05-21,2024-05-22,0.24621212121211933,0.09918760627243284,-0.0471853914028153,-3.637350705754616,2.3759951010410285,-5.8969393538635835,0.8147553372378491,-1.496523710561126
DSS-BO-001-00014,CRDO,2024-05-22,2024-05-23,2.7207392197125424,-4.547726136931529,5.863874345549713,28.931750741839778,4.142692750287691,-5.147426286856582,39.93003498250873,35.48215892053972
DSS-BO-001-00015,NVDA,2024-05-23,2024-05-24,0.6272920285659067,1.937278220005756,3.782105560259663,4.0703472033360555,5.905923344947728,-1.3906205044595832,20.235925961446256,16.401131677376046
DSS-BO-001-00016,ENPH,2024-05-24,2024-05-28,3.083559674069325,0.2634841909485486,-1.1439171432988005,1.4620797498045457,2.034368498112027,-5.440173589584618,4.60322380657161,2.411593304401749
DSS-BO-001-00017,FRPT,2024-05-28,2024-05-29,-0.94653945176435,-0.7644675483525765,1.355827748247429,-0.060804134681147204,-3.749334550155914,-3.4783273450042063,1.5595137986392338,-3.4489870804984335
DSS-BO-001-00018,TMDX,2024-05-28,2024-05-29,-0.92398152036961,0.536950685318649,-6.092761770906541,1.092569033899582,5.026278777111548,-9.114031369224252,3.235834393104442,0.040214780274139446
DSS-BO-001-00019,CROX,2024-05-30,2024-05-31,0.23722510739245806,-0.447742100550097,-4.902338730403488,-0.6823863252482854,6.789115646258503,-8.353588333120122,2.181143661251128,0.2093642062171998
DSS-BO-001-00020,OLLI,2024-05-30,2024-05-31,0.02466091245376667,1.6148915187376822,8.9773140846779,-7.035511521763327,5.029337803855816,-0.8012820512820595,12.27810650887573,7.923767258382619
DSS-BO-001-00021,AMBA,2024-05-31,2024-06-03,1.3044970820460078,-6.116570654015597,3.9162606027792757,-0.0868357068426473,-2.8333043629410803,-7.370382921043717,0.542189088444589,-5.48634361233481
DSS-BO-001-00022,AAPL,2024-06-03,2024-06-04,0.30151798710749134,-0.13475691924950128,1.3078679676146843,5.210040983606556,3.447436334420795,-1.2646418575723017,13.149165543692343,9.911951902145733
DSS-BO-001-00023,GH,2024-06-04,2024-06-05,0.17863522686674127,11.233951497860218,-3.6229560756652845,5.921490352628078,-7.1608040201005085,-2.5320970042795987,15.192582025677591,5.22082738944365
DSS-BO-001-00024,META,2024-06-05,2024-06-06,-0.419321350784696,0.15739661903886315,2.7776643944650736,-0.6652236938779477,-1.7511594434671318,-0.5703072300239032,4.266061609533733,0.26401340937429757
DSS-BO-001-00025,CARG,2024-06-06,2024-06-07,0.3178386968613278,3.722772277227726,2.0236731576937617,-4.865269461077837,-0.668764752163653,-1.425742574257427,6.534653465346518,-0.2
DSS-BO-001-00026,FOUR,2024-06-07,2024-06-10,-1.7509995863780436,2.7785573954532516,-2.1845985800109102,-1.06085985482971,-0.7054176072234797,-4.476564692674733,5.164187482458593,-1.4349143979792476
DSS-BO-001-00027,AVGO,2024-06-11,2024-06-12,2.6023084994753365,-0.2318129133428659,22.285245677578057,-5.152565105621997,-8.237096394060806,-1.506783936728695,23.522192677439158,5.983950364764445
DSS-BO-001-00028,MSFT,2024-06-17,2024-06-18,0.3012935233219327,-0.75210046074623,0.2981134651707906,1.0028588283341744,1.9049330577769696,-1.8791218718944735,2.513777215647295,2.257313217092771
DSS-BO-001-00029,AMZN,2024-06-21,2024-06-24,0.1480854664692277,-2.0014786649767746,6.61744894110039,-0.32853171594642294,1.0851926977687665,-2.1282213772708114,6.252640473172777,5.070384452893961
DSS-BO-001-00030,GOOG,2024-06-25,2024-06-26,-0.7438779388608263,0.6345733041575485,-0.4729288975864332,1.567535092031247,-0.04839750483974781,-0.798687089715544,4.94529540481401,1.4794310722100692
DSS-BO-001-00031,GOOGL,2024-06-25,2024-06-26,-0.7392399518125092,0.6619959176918266,-0.48227105825614514,1.5474420397598943,-0.13557483731019282,-0.7502620400507642,4.9704860153362285,1.3887902024604106
DSS-BO-001-00032,APPF,2024-06-27,2024-06-28,0.4459801518743367,-2.1720000000000073,2.2079568221776924,1.0321238548625988,3.488418135022764,-3.3600000000000074,7.464000000000004,4.3440000000000145
DSS-BO-001-00033,META,2024-06-27,2024-06-28,-0.465026157721371,-2.4995133346311094,1.1380425667851357,3.796193935565384,-6.264858593735134,-4.6369476348063206,4.962040101226406,-4.258789176562205
DSS-BO-001-00034,AX,2024-06-28,2024-07-01,0.08748906386701893,0.3146853146853035,-1.2199372603694747,0.952717007762871,23.750436910171267,-1.5034965034965042,25.786713286713294,23.593706293706298
DSS-BO-001-00035,CRDO,2024-06-28,2024-07-01,-2.1916092673763377,-0.0640204865556937,1.3132607303010913,-0.6006955422067639,7.601781170483446,-3.8092189500640083,8.70678617157492,8.090653008962878
DSS-BO-001-00036,MNDY,2024-06-28,2024-07-01,-0.4195049011463614,0.09176225234619473,3.754635996166189,-4.5144188288215865,-0.24396399427947246,-4.905109489051096,4.892596454640241,-1.2802919708029157
DSS-BO-001-00037,CALM,2024-07-01,2024-07-02,-0.16222062004325188,-1.3720888246975926,1.7023613399231197,0.21598272138227959,4.130747126436773,-1.7512186315219336,9.081061563459114,4.475934284166816
DSS-BO-001-00038,TSLA,2024-07-01,2024-07-02,4.269513008672443,5.6850379307193055,9.374729741416598,4.080018976832456,-5.606624629643697,-0.3473174298510129,23.84608353898181,13.363659628918745
DSS-BO-001-00039,ZETA,2024-07-01,2024-07-02,-0.5494505494505364,-3.646408839779003,-1.834862385321101,-2.9789719626168276,22.034918723660457,-9.944751381215477,15.966850828729262,11.788950276243092
DSS-BO-001-00040,CVLT,2024-07-02,2024-07-03,0.31011450381679406,-0.7927070947284953,-4.123052337195377,2.4918743228602436,-1.4636526264433236,-5.9135949266746035,0.6183115338882272,-4.139754260800633
DSS-BO-001-00041,ALGM,2024-07-03,2024-07-05,0.8491182233834049,-0.45336787564767,4.196486662329213,-1.8732438339057134,-8.399618199172764,-6.832901554404147,7.707253886010368,-6.968134715025909
DSS-BO-001-00042,MSFT,2024-07-05,2024-07-08,-0.1868224969043819,-0.09576250897774807,-2.4769622900463917,-0.1608363490148812,-2.4276189197655174,-7.432476549067413,0.21546564519989708,-5.288471499771486
DSS-BO-001-00043,AMBA,2024-07-08,2024-07-09,0.0,-2.760535772623318,4.686712581891483,4.781771501925536,-11.531393568147008,-10.25808559294349,7.611891538712823,-5.835413263639322
DSS-BO-001-00044,FRPT,2024-07-08,2024-07-09,-0.04426084390676266,-4.479704797047967,-1.5143320713899455,-3.0124735231819244,-2.928091887082418,-14.000000000000002,0.11808118081180208,-11.631734317343167
DSS-BO-001-00045,SKYW,2024-07-08,2024-07-09,0.3110047846889952,0.05962318149295154,-0.5720414730067791,5.02217427783771,-1.5635699611960763,-4.56713570236108,4.769854519437167,2.649988075363696
DSS-BO-001-00046,SOUN,2024-07-10,2024-07-11,8.777120315581843,-2.6291931097008114,8.566108007448792,-14.236706689536883,-3.400000000000003,-20.761559383499538,16.95376246600182,-12.620670897552122
DSS-BO-001-00047,ARWR,2024-07-11,2024-07-12,1.7699115044247815,-2.2260869565217445,-0.32017075773745907,0.9992862241256395,-0.3886925795053009,-5.321739130434788,5.7739130434782515,-2.147826086956517
DSS-BO-001-00048,OLLI,2024-07-11,2024-07-12,0.8708560118753095,-0.16678112430099645,-0.3046383647798745,-0.8871365204534354,-4.525111884634503,-6.357304032178945,2.9922495830471796,-6.017718041793396
DSS-BO-001-00049,AAON,2024-07-15,2024-07-16,1.051117503872545,2.7701740939450437,-8.107820157681655,3.5710144927536103,-3.8620844061345583,-9.53684441037993,2.8249206175407826,-6.167371071936934
DSS-BO-001-00050,UPST,2024-07-15,2024-07-16,0.8678237650200149,5.757776307081408,-13.047559449311642,-0.5757466714645609,-5.790807093738682,-18.19986763732627,8.471211118464606,-14.064990072799466
DSS-BO-001-00051,FN,2024-07-16,2024-07-17,-2.263653483992467,-2.6012563104551245,-3.113871963282422,-8.314615918650714,-1.759387109705579,-18.74060657443446,2.003930787313579,-15.20250491348415
DSS-BO-001-00052,GH,2024-07-16,2024-07-17,-2.3943245639964417,-1.4233797698364858,-1.6897081413210335,-0.6874999999999964,10.5412208936438,-7.450030284675968,12.174439733494836,6.190066626287094
DSS-BO-001-00053,IOVA,2024-07-16,2024-07-17,-1.9128586609989395,-3.1419284940411796,-6.823266219239366,9.603841536614643,-4.381161007667034,-14.409534127843992,9.642470205850472,-5.617118093174433
DSS-BO-001-00054,APPF,2024-07-22,2024-07-23,0.08525781221040418,0.007407407407411526,-14.469298570476264,-4.944793245291179,-5.211132874777935,-26.822222222222216,1.6888888888888953,-23.129629629629633
DSS-BO-001-00055,TMDX,2024-07-23,2024-07-24,-1.1906294246363691,-2.826809092685467,-6.8302165024465396,2.345323741007177,2.523548432447642,-11.411450530840883,12.01719533641632,-5.202279684752176
DSS-BO-001-00056,PRVA,2024-07-30,2024-07-31,-0.19020446980505534,-1.191043353978083,-7.13596914175505,-5.140186915887856,5.528188286808988,-13.292043830395428,4.525964745116728,-8.346736541210086
DSS-BO-001-00057,CRDO,2024-08-21,2024-08-22,0.22172949002217113,-2.5995575221238854,0.4542873367404887,-0.5087620124364034,-30.738636363636374,-33.4070796460177,1.797566371681425,-32.777433628318576
DSS-BO-001-00058,AAON,2024-08-23,2024-08-26,0.4477611940298498,-1.188707280832102,-0.16111707841029999,-4.701452393760086,-1.0611876270038345,-8.639354701761837,1.6663128847378639,-7.183655274888556
DSS-BO-001-00059,ENPH,2024-08-23,2024-08-26,1.6260162601626105,-1.9279999999999964,-1.0522881148543939,-6.916735366859028,-7.350987512177842,-19.616,4.064000000000001,-16.512000000000004
DSS-BO-001-00060,WING,2024-08-23,2024-08-26,-0.6420345249693926,0.739213517047177,-4.510058403634021,-3.405734598395138,1.8887325468124327,-9.793321935029676,2.109524288444131,-5.525354520768378
DSS-BO-001-00061,ZETA,2024-08-30,2024-09-03,0.15145778114349362,-3.3270321361058564,-1.9945248337896015,-0.31923383878690315,9.84787830264211,-6.994328922495264,4.839319470699444,3.5429111531191104
DSS-BO-001-00062,INSP,2024-09-09,2024-09-10,-0.24583963691376942,0.7488151658767928,-4.040831686894341,1.3284964949262124,0.4983067247218198,-4.450236966824638,3.5639810426540297,-1.7497630331753555
DSS-BO-001-00063,SKYW,2024-09-13,2024-09-16,0.16611295681061566,1.569077688480669,1.7583521728208984,1.4564305109849407,3.430656934306553,-0.497512437810943,8.814899859675984,8.257711442786064
DSS-BO-001-00064,WING,2024-09-17,2024-09-18,-0.18646776771443774,-0.7642477618458487,3.6868612781771226,-1.2544211270926753,0.09551554515498939,-2.261202901715309,4.32345876701361,1.50075454302836
DSS-BO-001-00065,AAON,2024-09-19,2024-09-20,-0.35387791212031505,1.9137811975929786,3.126512438292517,-0.1971090670170872,0.5736856954763558,-0.9667554503304809,7.221071322876593,5.294722304429311
DSS-BO-001-00066,CALM,2024-09-19,2024-09-20,-0.16709706820597914,1.582471089470494,-2.127022168963455,2.066115702479321,13.285350127455398,-1.4759586122945811,15.094339622641506,14.757395009129649
DSS-BO-001-00067,FOUR,2024-09-19,2024-09-20,0.5937827453719846,0.578703703703698,-1.3233601841196818,2.4489795918367196,4.211724530449623,-2.997685185185184,6.562499999999982,5.76064814814814
DSS-BO-001-00068,MNDY,2024-09-19,2024-09-20,-0.4301388838260478,2.570016474464598,0.18917086054894838,-3.110081938012099,2.0664043828363177,-3.2729269632070235,4.572579168954793,1.4254805052169142
DSS-BO-001-00069,OLLI,2024-09-23,2024-09-24,0.039339103068436465,0.33425088478176157,-4.9774642367234945,-1.526087853165603,-1.0680628272251247,-9.132913881242622,0.6488399528116418,-7.3175776641761665
DSS-BO-001-00070,APPF,2024-09-24,2024-09-25,0.4695819881765928,-2.2910320076785062,0.5381395746134832,-3.602378929481742,-0.7756037369998192,-7.081751032842298,0.1544047072570276,-6.238475983808367
DSS-BO-001-00071,TSLA,2024-09-24,2024-09-25,-0.6764462972430829,1.7699465452385654,1.7936347365963723,-4.8197836639529035,-3.200546140872218,-5.836468026133446,4.874282320332601,-4.753553751732332
DSS-BO-001-00072,HIMS,2024-09-26,2024-09-27,0.5646527385657629,-0.2245929253228529,6.640405177265052,-6.807387862796832,5.832389580973962,-9.882088714205494,12.240314430095456,4.741044357102764
DSS-BO-001-00073,AEO,2024-09-27,2024-09-30,0.14471780028944004,1.8304431599229343,-3.31125827814569,-3.228962818003911,-0.5561172901921152,-8.477842003853574,2.890173410404606,-5.450481695568399
DSS-BO-001-00074,GOOG,2024-09-30,2024-10-01,0.9991573371855189,-0.26221692491060766,0.08365200764817171,-1.6955223880597003,0.7227013239402336,-4.588796185935651,0.9356376638855801,-1.3620977353992922
DSS-BO-001-00075,GOOGL,2024-09-30,2024-10-01,1.0983009708737779,-0.4081387671808434,0.04218646417164518,-1.6024096385542141,0.6550753030488465,-4.729608066742708,0.8883020226877036,-1.5204489526439044
DSS-BO-001-00076,CRDO,2024-10-04,2024-10-07,-0.7368744243168579,0.6495515001546659,14.443761524277821,2.443609022556381,4.665792922673662,-1.9177234766470708,24.899474172595127,23.307578100835148
DSS-BO-001-00077,FN,2024-10-04,2024-10-07,-1.0665019559398803,0.8490801631565903,4.45315724308708,4.678177723339516,-6.201638168572831,-2.6013485390826596,12.382419046033455,3.2296179139265746
DSS-BO-001-00078,META,2024-10-04,2024-10-07,0.3831029652507034,-2.2478143913920667,-0.1616703644462647,1.1283570776412954,-2.584150994821466,-4.867182246133139,0.7901815736382156,-4.0550773369199655
DSS-BO-001-00079,NVDA,2024-10-07,2024-10-08,1.97616060225847,2.030144570901271,1.4395538136870556,-2.3775912029125656,9.117893294771307,-1.1534912334666303,10.881267302368514,10.0506920947401
DSS-BO-001-00080,AVGO,2024-10-08,2024-10-09,-0.8540285425328586,3.774226453587204,-1.9604630843162996,-3.007853840583752,-1.8721644748176614,-3.6948883599682736,4.034908761192346,-3.367856738070951
DSS-BO-001-00081,CVLT,2024-10-08,2024-10-09,0.0,0.2507679769293558,2.5014070414608236,-10.786407174669034,-9.553443205908497,-17.509873989091584,3.899442041251322,-17.283568428311703
DSS-BO-001-00082,SG,2024-10-08,2024-10-09,0.9685863874345557,-2.670469276639875,4.688332445391574,-3.4605597964376567,-2.7675276752767486,-10.00777806585429,3.059372569354424,-4.5557168784029045
DSS-BO-001-00083,SKYW,2024-10-08,2024-10-09,0.681529398174896,0.21798990362551507,6.170578133943905,3.6445978003019297,-2.913025384935508,-1.3308857273978902,11.08306562643413,6.867462138595681
DSS-BO-001-00084,UPST,2024-10-08,2024-10-09,0.18652366519000818,0.13963230160578544,25.656518707878217,0.5733308673941284,-8.514159617506445,-2.9322783337211944,33.58156853618803,15.578450081452178
DSS-BO-001-00085,FOUR,2024-10-09,2024-10-10,-1.197732862795431,0.8334235306851401,1.0412194074710168,0.6267927334537404,-1.0346283783783772,-0.909189306201974,4.94642277302737,1.2611970992531643
DSS-BO-001-00086,AAON,2024-10-11,2024-10-14,0.36721898790863516,-0.7317508477601375,-0.8270406328658719,-1.1693255982595963,10.492524993121165,-6.478672139925045,8.959485989648396,7.304908084954476
DSS-BO-001-00087,AMBA,2024-10-11,2024-10-14,0.8886653252850429,-0.1329566229017809,-4.326843068730235,-0.40006957731779647,3.615089067411814,-7.1464184809705955,1.5622403190958867,-1.5960445404686774
DSS-BO-001-00088,MNDY,2024-10-11,2024-10-14,0.8046691531979455,-0.05481517009831016,-2.012134507935426,1.3503113412159928,2.6335772469971097,-5.0018842714721234,3.658912604063169,1.6705676796053393
DSS-BO-001-00089,CARG,2024-10-14,2024-10-15,0.0964010282776373,0.9630818619582593,0.41335453100159736,1.4566181127295685,-1.8414481897627955,-1.0272873194221543,3.8844301765650124,0.7630818619582593
DSS-BO-001-00090,SOUN,2024-10-14,2024-10-15,1.7341040462427681,0.5681818181818121,3.578154425612068,-4.181818181818187,14.041745730550282,-7.954545454545448,18.37121212121211,13.625757575757568
DSS-BO-001-00091,AAPL,2024-10-15,2024-10-16,-0.9133600448063439,0.030436105917641676,2.0255585499434847,-2.419904567143838,-0.2837932238910268,-1.7044219313883335,2.217487716857258,-0.8956824209748302
DSS-BO-001-00092,TSLA,2024-10-25,2024-10-28,0.2823284668821202,-2.756065938136687,-4.822673421964874,-2.8056834100460226,44.12782078734969,-11.509538803482123,32.854232265234295,29.453639562882028
DSS-BO-001-00093,FUBO,2024-10-28,2024-10-29,1.117313234109707,-1.1049672883642225,-15.08372866048109,-7.894693559794086,8.571377551324112,-23.75679669983103,3.0386600430016397,-16.222025681281384
DSS-BO-001-00094,AMBA,2024-10-29,2024-10-30,-2.2590606208353625,-1.5297638842700412,-3.613644039175956,5.606166783461819,-3.4173855341738557,-6.617891586298641,3.7745261057532398,-3.3925507149983436
DSS-BO-001-00095,GOOGL,2024-10-29,2024-10-30,6.518000118616918,-3.4799554565701607,-2.9881742140178913,4.293274662543856,1.3455727236444615,-7.043429844098004,0.9632516703786287,-1.230066815144759
DSS-BO-001-00096,AMZN,2024-10-30,2024-10-31,-1.0947958283609172,-2.213828559437625,7.0278969957081605,5.288220551378453,0.6807902880266559,-2.8276151505613356,13.261987199664249,10.743237855419153
DSS-BO-001-00097,GOOG,2024-10-30,2024-10-31,-0.7998628806490382,-1.1691527961757764,-0.7400932400932314,6.3406328890976305,-2.7052393308673373,-3.0063929044519933,5.32166100328284,1.2974370788458203
DSS-BO-001-00098,SKYW,2024-11-01,2024-11-04,-0.7697621632290597,-1.3028344107409273,12.424425634824665,2.32141256610201,-4.081990189208129,-2.5360517155643914,15.832918945798102,8.701044256588775
DSS-BO-001-00099,FRPT,2024-11-04,2024-11-05,1.4943215780035768,-0.804868472712994,3.206016227983377,-0.8756791307126699,0.8382770183131161,-2.6043711556078986,4.122497055359253,2.129538018583954
DSS-BO-001-00100,IOVA,2024-11-04,2024-11-05,-0.7867132867132809,2.7312775330396555,-9.176672384219554,-8.498583569405104,-15.479876160990713,-28.634361233480178,10.220264317180616,-28.04140969162996
DSS-BO-001-00101,PRVA,2024-11-04,2024-11-05,-1.144640998959412,1.6315789473684061,10.305541170378053,6.009389671361487,-6.510186005314433,-0.526315789473697,22.05263157894737,10.90526315789473
DSS-BO-001-00102,CARG,2024-11-06,2024-11-07,0.15202189115230968,1.2750455373406355,12.410071942446056,-4.293333333333327,-0.4458066313736575,-0.4857316332726014,15.179113539769284,8.269945355191254
DSS-BO-001-00103,CRDO,2024-11-06,2024-11-07,1.8940248027057516,4.049568488603694,-1.2122501063377311,-9.795479009687845,10.453460620525057,-13.299402522682001,8.29829608320425,2.21203806151804
DSS-BO-001-00104,FOUR,2024-11-06,2024-11-07,-0.5102040816326481,0.041025641025638215,1.6198482673774883,-0.34301856335754444,10.629682121887019,-1.7435897435897463,12.57435897435899,11.882051282051286
DSS-BO-001-00105,GH,2024-11-06,2024-11-07,28.074337682878614,-11.732016054337757,3.9874081846799525,1.6145307769929396,2.548824892419721,-12.966965112689099,3.8592158073479377,-4.553195430688484
DSS-BO-001-00106,MNDY,2024-11-06,2024-11-07,0.0,0.8005569091541931,-18.19751381215471,3.1889174565409295,2.737076980290065,-20.102521912476657,2.8351738758978673,-12.784248330854664
DSS-BO-001-00107,NVDA,2024-11-06,2024-11-07,0.5365249690466367,1.7036124794745477,-0.3969054826774343,-1.0333648520869931,-0.061420869446526805,-6.308155446086483,4.440339354132461,-0.008429118773944748
DSS-BO-001-00108,SG,2024-11-06,2024-11-07,1.5609990393852025,-0.21281626862141856,-10.18957345971565,-11.187335092348293,22.549019607843146,-22.51123196973279,1.1350200993142767,-2.659210215180896
DSS-BO-001-00109,BROS,2024-11-07,2024-11-08,-1.6528925619834767,7.154213036565982,0.5722763883001303,-1.7702845100105447,9.847672173353361,-0.9311832841244705,20.32704973881443,16.084351578469235
DSS-BO-001-00110,COST,2024-11-07,2024-11-08,0.007720900477603543,3.26017425829932,-1.067011300279841,-2.8555388817515293,6.277922251116874,-0.9231278261828568,6.815925885077756,5.271490018749292
DSS-BO-001-00111,OLLI,2024-11-07,2024-11-08,-0.1410863650105787,-0.09082652134423386,-6.919191919191913,-0.2387411828540409,2.9152616120961428,-12.322131395700886,0.928448884852151,-4.721142395801802
DSS-BO-001-00112,UPST,2024-11-08,2024-11-11,-2.2098765432098877,-2.1840676682236992,-13.022715539494067,1.3058317257753416,16.478687564083792,-18.44464082817826,8.660522661280146,0.19136472667593568
DSS-BO-001-00113,ZETA,2024-11-11,2024-11-12,-9.363091997822547,-15.255255255255252,-37.703756201275695,25.255972696245756,-8.991825613079019,-51.5015015015015,2.7027027027027195,-40.019819819819816
DSS-BO-001-00114,AMBA,2024-11-22,2024-11-25,1.3832128261553,4.325581395348843,6.330806954971013,0.40531097134872685,0.5289532293986543,-0.015503875969002934,26.07751937984495,11.768992248062006
DSS-BO-001-00115,APPF,2024-11-22,2024-11-25,1.2046701596600595,2.343972932208227,1.0714570222257525,3.0857142857142694,-1.8999923541555108,-0.29758265052381994,11.287758346581867,4.406416371122268
DSS-BO-001-00116,LRN,2024-11-25,2024-11-26,-0.4713868200245108,2.728047740835482,-1.3462425080682405,3.551733806897861,-4.115894936366105,-0.5683432793407217,6.848536516055703,0.4251776072748072
DSS-BO-001-00117,AAPL,2024-11-26,2024-11-27,-0.2654450485935711,0.2103455677183952,3.285640849897198,0.16175189747418273,2.024844720496888,-0.26615153466408303,6.980038634900199,5.569478428847385
DSS-BO-001-00118,COST,2024-12-03,2024-12-04,-0.014369290772864307,0.9074484684240769,-0.3082400813835151,0.6908374746165791,-3.0109248636925656,-1.833374394350007,2.673072185267311,-1.9584380389258471
DSS-BO-001-00119,CARG,2024-12-04,2024-12-05,0.3610108303249149,-1.3874614594039048,-0.7034914017717608,-0.9183941222776215,-4.449152542372881,-7.656731757451196,0.4624871531346386,-7.49701952723536
DSS-BO-001-00120,GH,2024-12-04,2024-12-05,-0.5772763054316399,-2.058590657165482,-4.257612503368358,-1.6605685336335552,-10.904407555809959,-18.606492478226443,0.5806281340723141,-18.041119028767493
DSS-BO-001-00121,TSLA,2024-12-05,2024-12-06,2.1597336869739525,3.112830158688107,9.133651919223041,2.6979306448195572,-3.4775233248515725,-1.7670278432723174,29.42485495536069,11.347937584443791
DSS-BO-001-00122,AMZN,2024-12-11,2024-12-12,-0.29097541909145486,-0.2700466048172867,0.9520897934227168,-3.4003893575600297,0.2060101213668286,-4.730171174702735,1.4852563264950547,-2.743664793762801
DSS-BO-001-00123,AVGO,2024-12-11,2024-12-12,-1.2416163183859075,-0.1459280462479562,32.971727277837104,-9.122035761085511,11.033071305642128,-2.7277319414042656,39.21535612055902,33.77878430712242
DSS-BO-001-00124,AAPL,2024-12-16,2024-12-17,-0.3407496492283002,1.3153660498793185,0.3970302139992832,1.459247834855848,-5.558154038041785,-3.3467417538213917,3.934030571198721,-2.7341914722445626
DSS-BO-001-00125,INSP,2025-01-03,2025-01-06,1.3438695389571098,1.648870126645141,-1.0700151463331253,-16.04602923745554,11.212424260250597,-16.200645641917067,7.280854233921041,-6.308765830643148
DSS-BO-001-00126,FUBO,2025-01-06,2025-01-07,7.312393569191156,0.5524836441821224,-18.49823642443641,-11.68534949307305,1.5267110826501895,-35.35910669533444,18.78444390219196,-26.719368388420563
DSS-BO-001-00127,NVDA,2025-01-06,2025-01-07,2.3993029957777523,-8.416781202958301,-4.931036947044953,2.262647523115069,8.056453984122314,-15.36095294194646,0.07199424046078207,-3.9895150206165297
DSS-BO-001-00128,NXT,2025-01-07,2025-01-08,-3.8934426229508268,0.7581141909500211,-0.4232306607100833,6.8949232585596265,-9.432295118179812,-8.528784648187637,10.210850509357972,-3.066619284529737
DSS-BO-001-00129,GH,2025-01-13,2025-01-14,0.20997375328084544,-1.8858040859088487,-2.135611318740005,28.75068194217132,0.9533898305084554,-6.181246726034573,30.59193294918805,24.6035620743845
DSS-BO-001-00130,FRPT,2025-01-15,2025-01-16,-0.5225342913128594,1.739986868023613,2.400774443368836,-0.19537404676370773,1.0040414246021534,-0.5055810899540436,7.728168089297416,4.822980958634249
DSS-BO-001-00131,FOUR,2025-01-17,2025-01-21,0.6652661064425747,0.9826086956521651,0.5424954792043524,0.6337786913326537,0.5702127659574563,-4.043478260869571,7.173913043478253,2.556521739130435
DSS-BO-001-00132,PRVA,2025-01-17,2025-01-21,1.6187050359712352,0.5752212389380507,-0.6599208095028675,0.6643046944198483,1.935767707875069,-1.592920353982319,3.9380530973451178,2.3221238938053057
DSS-BO-001-00133,FN,2025-01-21,2025-01-22,1.8564061880206095,4.073525975543291,-24.40128723245023,2.8263129238232043,2.917107923365747,-28.612041436248926,9.73985512890414,-16.938063712127104
DSS-BO-001-00134,AMZN,2025-01-22,2025-01-23,-0.6382707118846032,0.8179521219648045,1.1596295981649796,-1.473861011967259,1.7857142857143016,-3.276090959701927,3.858507130315636,2.0782750203417466
DSS-BO-001-00135,HIMS,2025-01-23,2025-01-24,0.35610229847846675,-0.4193548387096735,3.206997084548102,17.011927181418706,14.13626609442058,-6.129032258064515,48.41935483870967,37.05806451612903
DSS-BO-001-00136,COST,2025-01-27,2025-01-28,-0.3540322075317959,-0.3290887177068602,2.212384727815686,4.284759014453998,3.6845220479431617,-0.8080490488916792,10.952156369543587,9.955635906304039
DSS-BO-001-00137,DLO,2025-01-27,2025-01-28,-0.17152658662091813,1.8900343642611617,4.468802698145025,-0.32284100080710587,-1.6194331983805599,-0.773195876288657,10.137457044673525,4.181443298969079
DSS-BO-001-00138,BROS,2025-02-06,2025-02-07,0.0,-1.4317343173431696,-3.0997304582210394,26.67284809148509,-8.124923752592405,-8.324723247232468,28.236162361623606,10.958671586715862
DSS-BO-001-00139,PRVA,2025-02-10,2025-02-11,-0.8392782207301663,1.3118916631400968,5.4302422723475186,1.030110935023787,-5.647058823529417,-0.5924672027084243,8.63309352517987,1.619720694033
DSS-BO-001-00140,UPST,2025-02-12,2025-02-13,-1.2616875070406541,-3.981745579007423,-1.2476235741444852,-13.644567440741195,-7.106033161488079,-27.335995436394754,10.017113519680553,-24.136109526525964
DSS-BO-001-00141,ACMR,2025-02-18,2025-02-19,-0.16611295681062677,9.98336106489186,-11.15733736762482,17.879948914431676,-3.719754423979782,-7.279534109816977,19.134775374376044,10.698502495840279
DSS-BO-001-00142,DLO,2025-02-18,2025-02-19,1.3996889580093264,-3.4509202453987697,-4.606830818109609,9.408825978351377,-30.441400304414003,-36.119631901840485,1.4570552147239457,-30.107975460122695
DSS-BO-001-00143,FOUR,2025-02-18,2025-02-19,-8.483208658284259,-9.82608695652174,-6.470588235294128,-0.5567584287039851,-1.8869880767236946,-21.408695652173915,0.9739130434782695,-17.91304347826087
DSS-BO-001-00144,AVGO,2025-05-02,2025-05-05,-1.7007140023800105,0.27238335435055827,3.5112430202726586,6.64819944598336,4.082934609250399,-2.1134930643127325,17.538461538461547,15.013114754098368
DSS-BO-001-00145,CRDO,2025-05-02,2025-05-05,-1.7612929962702029,2.6998523518245054,5.5452865064695045,7.472270869819031,12.18540648198443,-3.7122969837587005,30.900653870491478,30.48972790550517
DSS-BO-001-00146,HIMS,2025-05-02,2025-05-05,3.5766780989710867,-0.9460737937559083,22.731614135625588,7.4124513618677,12.914327114653146,-9.626300851466418,55.84200567644275,47.24560075685904
DSS-BO-001-00147,AX,2025-05-08,2025-05-09,0.33323674297305317,-0.6642599277978278,5.276929786306139,-0.013808340237508876,-3.9082999585692613,-2.527075812274371,6.469314079422395,0.2765342960288743
DSS-BO-001-00148,BROS,2025-05-08,2025-05-09,0.17067494181535192,-1.7503097893432518,13.384833674917228,2.502780867630694,-7.908301682040153,-3.0359355638166052,14.513630731102856,4.957992565055758
DSS-BO-001-00149,NXT,2025-05-08,2025-05-09,0.8968609865470878,3.4222222222222154,18.263859045981956,7.757994186046524,-5.496543584555735,-0.5555555555555536,40.422222222222224,24.355555555555554
DSS-BO-001-00150,PRVA,2025-05-08,2025-05-09,-0.15955325089748174,-0.03995205753096753,-2.877697841726612,2.9629629629629672,-8.633093525179858,-9.26887734718338,2.9165001997602857,-8.869596484218945
DSS-BO-001-00151,SEDG,2025-05-08,2025-05-09,-0.6560962274466786,9.190974133186568,-9.627016129032262,22.810931399888457,-24.11444141689373,-20.198128783709425,24.38084755090808,-8.235222894881677
DSS-BO-001-00152,TMDX,2025-05-09,2025-05-12,2.529147982062785,3.857592722183356,2.594121115135173,0.23807569165092968,5.266175266175277,-3.7088873337998596,14.07452764170749,12.230020993701896
DSS-BO-001-00153,TSLA,2025-05-09,2025-05-12,7.905853952926978,-1.0750683569475505,7.67636158050129,-0.2129397351379736,6.0802712736414355,-3.2127765349241777,13.03442704449418,12.554784986328604
DSS-BO-001-00154,AAON,2025-05-12,2025-05-13,-0.26902382782475476,1.531791907514446,0.8634595312648319,-2.1825023518344255,-7.078284285439507,-7.196531791907512,2.5529865125240914,-7.11714836223506
DSS-BO-001-00155,PATH,2025-05-12,2025-05-13,-0.07639419404125158,1.3761467889908285,-2.564102564102566,-3.7151702786377694,4.019292604501601,-7.645259938837922,2.064220183486243,-1.2703363914373098
DSS-BO-001-00156,SOUN,2025-05-12,2025-05-13,1.0899182561308063,1.1680143755615324,-0.6216696269982225,-10.90259159964253,10.03009027081243,-16.78346810422282,13.656783468104216,-1.6375561545372896
DSS-BO-001-00157,AMBA,2025-05-13,2025-05-14,0.36267721727663016,0.5256241787122251,3.464052287581687,0.4264055590650795,-2.5003931435760407,-1.4454664914586135,8.919185282523001,1.6396846254927766
DSS-BO-001-00158,DLO,2025-05-13,2025-05-14,0.108108108108107,3.239740820734349,15.794979079497896,-2.8003613369467106,-1.2081784386617,-0.9719222462203025,27.5377969762419,14.594816414686829
DSS-BO-001-00159,FN,2025-05-13,2025-05-14,0.28592794615756034,-0.7105886481270196,0.6229015727160281,-0.3512315054660431,3.4762303388113036,-2.785332046670763,5.711027283095005,2.8178085796999763
DSS-BO-001-00160,MNDY,2025-05-13,2025-05-14,1.0327377878756483,-0.22487989369315287,-0.9322815285318975,0.6204756980351389,0.4419321685508848,-4.1807216600224795,3.2403148318511654,-0.3022181334968897
DSS-BO-001-00161,NVDA,2025-05-13,2025-05-14,2.5202312138728367,1.601262967974737,0.17018128005918953,-2.777367410252618,5.607050600212737,-3.0371372725906065,7.720643512253789,4.295564576755373
DSS-BO-001-00162,ALGM,2025-05-16,2025-05-19,-2.980734278444208,1.6110902959910023,-4.46165191740413,0.8104978772674576,2.52679938744258,-6.706631697264898,2.7725739977519703,0.13720494567253122
DSS-BO-001-00163,CALM,2025-05-16,2025-05-19,-0.42252033379106546,-2.0579187440330937,-2.2311274775262624,0.5428159964550927,1.7408550022036229,-6.852657261058659,1.3365864007637729,-2.2473109154556026
DSS-BO-001-00164,OLLI,2025-05-16,2025-05-19,-1.531213191990577,3.169856459330145,-5.341614906832303,0.07874015748032814,-3.9164262610368095,-11.150034176349976,4.366028708133962,-6.291934381408071
DSS-BO-001-00165,FUBO,2025-05-19,2025-05-20,0.5952351426828262,-1.7751391758423218,-1.8072198432738995,15.644091799121696,-4.774514701526522,-10.651081602161739,15.680396053273892,6.012987115448132
DSS-BO-001-00166,CRDO,2025-05-20,2025-05-21,-1.7871518274029885,-0.901639344262295,5.293631100082696,0.2827965435977964,14.366285445715189,-3.2786885245901676,32.77049180327869,19.472131147540985
DSS-BO-001-00167,MSFT,2025-05-27,2025-05-28,0.0897076842289346,-0.8110175975516443,1.0071847313439353,0.4102027012284237,1.8861774484452143,-1.2569679746420426,3.115094545852015,2.2964476992020977
DSS-BO-001-00168,WING,2025-05-27,2025-05-28,-0.9178399572268847,1.1182060736876887,2.875778238956417,4.726224783861666,4.2129884424876085,-0.9623167551038647,15.66088077465,13.332392001678794
DSS-BO-001-00169,AVGO,2025-05-28,2025-05-29,2.6188166828322146,-1.5163968110462722,6.146463592739404,1.1989936315748073,-1.4838985355242196,-4.397139804388928,8.029916988575646,4.020432316922817
DSS-BO-001-00170,COST,2025-05-30,2025-06-02,-0.5684674581383553,2.1828329184816475,-4.35614170306301,-0.45764313784012467,-2.1688071560641564,-5.108509645301806,3.1726431238332076,-5.025567828251399
DSS-BO-001-00171,CVLT,2025-05-30,2025-06-02,0.0,2.0911820911820866,0.10161514600492971,2.0409253619704026,-1.8063772972407022,-1.2121212121212088,4.837564837564834,2.196942396942392
DSS-BO-001-00172,FOUR,2025-05-30,2025-06-02,-0.30593944508915394,0.43386243386243084,-0.7586134232430708,1.5075910393884673,-4.319631837673876,-6.973544973544977,3.1005291005291147,-3.3957671957671964
DSS-BO-001-00173,META,2025-06-02,2025-06-03,0.08530507789699104,-0.687840181829058,4.628402794507358,0.6720391423226557,-0.6604056777734901,-0.9584903403313527,5.571505472815352,3.7162031221963154
DSS-BO-001-00174,MNDY,2025-06-02,2025-06-03,0.8057090239410591,0.2805598147000321,-0.6831712157194358,0.9269874545513979,-6.0755549785797776,-9.206276710273043,1.7975402081362502,-5.788360030013373
DSS-BO-001-00175,ALGM,2025-06-04,2025-06-05,0.39285714285715034,-0.5691924581999297,9.123434704830057,-2.0000000000000018,3.5797925727668156,-1.4941302027748016,12.628957666310914,9.938740661686229
DSS-BO-001-00176,GH,2025-06-04,2025-06-05,0.16750418760469454,1.191471571906333,3.470357364180976,-2.1361549211419417,0.244798041615657,-3.030936454849509,8.089464882943131,2.517391304347827
DSS-BO-001-00177,TMDX,2025-06-05,2025-06-06,1.1210266243823375,1.4149223251403997,2.754404890327211,0.0,-10.743281075027989,-12.216468528918401,6.119174385529846,-7.187090657136618
DSS-BO-001-00178,AMZN,2025-06-09,2025-06-10,-0.12904415153470739,0.41993539455469353,-2.5320527549285488,1.282413955681272,-1.3173819942277176,-4.3331795108444755,0.7844946931241381,-2.3735117674203887
DSS-BO-001-00179,UPST,2025-06-09,2025-06-10,1.3409961685823646,-0.8764392507303653,-9.812760055478497,2.652825836216821,16.928838951310855,-11.342155009451782,13.284069427736721,7.103660422753055
DSS-BO-001-00180,APPF,2025-06-10,2025-06-11,0.748555419366137,-1.0080382359330842,-0.10973093973576376,-1.6917128042886143,2.4851383363876156,-5.040191179665432,2.276776015641957,-0.5736693460786533
DSS-BO-001-00181,GOOG,2025-06-10,2025-06-11,0.6072423398328697,-1.2791405947173207,-0.4767781018622408,-2.2262300625598974,0.25939589578050093,-9.817819369843283,0.3543939310039157,-3.8879118445096617
DSS-BO-001-00182,GOOGL,2025-06-10,2025-06-11,0.701892301645235,-1.388424222147877,-0.32796154933558697,-1.9515515969819042,0.12729271538505227,-9.925281588045065,0.28995204639232774,-3.7073045611687228
DSS-BO-001-00183,ACMR,2025-06-11,2025-06-12,-1.2379110251450665,0.7833920877399203,-2.0598523124757184,-3.0952380952380842,5.569205569205571,-6.73717195456327,4.4261652957305,0.7792401096748949
DSS-BO-001-00184,FN,2025-06-12,2025-06-13,-3.1248783904736066,-1.5465574033903695,8.356114080541843,1.6191587905260318,9.193315299959238,-1.8920221740178378,20.62746043223267,18.173905358720987
DSS-BO-001-00185,MSFT,2025-06-12,2025-06-13,-0.46939462827312317,-0.34894786930317334,1.109932088285226,1.2005961001616106,2.3478170693767675,-0.8628529131860074,5.062916358253156,4.160790948503745
DSS-BO-001-00186,NVDA,2025-06-12,2025-06-13,-1.7402113113735296,-0.35842293906809264,2.4756665256030486,-0.9016449858902931,9.584664536741228,-1.1455478248647122,11.392227141752764,10.686218286597793
DSS-BO-001-00187,SEDG,2025-06-13,2025-06-16,2.3605150214592197,0.5450733752620396,-31.109257714762308,14.588377723970947,15.478077126254618,-42.43186582809224,2.515723270440251,-8.54381551362684
DSS-BO-001-00188,CALM,2025-06-18,2025-06-20,0.9088124170325562,-1.831613033798818,-2.7007524997422983,-0.18010382455768692,2.016556994268748,-6.739526411657559,0.4654928152195925,-2.932240437158462
DSS-BO-001-00189,CRDO,2025-06-18,2025-06-20,1.2384624372006048,-1.3156376226197364,7.823646357151204,1.3991323210412077,-0.8129211680393489,-5.689555683785352,10.455856895556813,6.816733987305246
DSS-BO-001-00190,ALGM,2025-06-23,2025-06-24,2.164366373902138,-0.0307031010131964,4.975429975429968,0.643651258045641,7.238372093023271,-1.750076757752539,13.509364445809013,13.063739637703398
DSS-BO-001-00191,AX,2025-06-23,2025-06-24,1.1676285062407699,-0.225524011674183,2.1805610955989874,1.912817176317505,7.7247191011236005,-1.4858052533828436,12.708941363756953,11.726240382064223
DSS-BO-001-00192,CARG,2025-06-24,2025-06-25,0.06004202942058168,-2.640264026402628,3.143297380585497,0.537795040334621,3.060921248142656,-3.210321032103214,6.150615061506159,3.8504050405040458
DSS-BO-001-00193,META,2025-06-24,2025-06-25,0.15777536732077824,-0.6512046582933695,4.150857919474471,-3.3220965637233535,1.9149654125189874,-1.1125332283154377,4.848169453860107,1.750800995794588
DSS-BO-001-00194,AMBA,2025-06-25,2025-06-26,1.4023732470334282,5.319148936170204,-7.012987012987015,4.469273743016755,-0.6535947712418277,-4.604863221884492,7.978723404255317,1.441337386018238
DSS-BO-001-00195,AVGO,2025-06-26,2025-06-27,0.05592841163313267,-0.3577417551705042,0.20569206028646647,1.5861760095543742,0.518020500385763,-2.835848705049382,4.0171417924352415,1.7564002235886056
DSS-BO-001-00196,OLLI,2025-06-26,2025-06-27,0.5920263788968816,-1.0653356179691431,-1.972891566265067,-1.6746043939161237,0.1875000000000071,-7.241302242419712,0.26819637934889506,-4.662489756388277
DSS-BO-001-00197,AMZN,2025-06-27,2025-06-30,0.022391401701749025,-1.7730020147750158,1.8323533433611372,-1.8128105277292805,3.186542669584247,-2.4266845757779265,1.7550929035146767,1.1431833445265218
DSS-BO-001-00198,FUBO,2025-06-30,2025-07-01,-0.2590662389195142,-2.0779130826273473,-3.183009801017689,-4.3835416276637895,0.8595947488311939,-14.285652443063023,1.0389565413136737,-8.771391465837809
DSS-BO-001-00199,MNDY,2025-06-30,2025-07-01,-0.9094378020859883,-2.522302804698029,1.19502238609428,0.7254627671687386,-7.289580776435633,-10.018612412553763,1.0846543867530922,-8.084603042166737
DSS-BO-001-00200,SOUN,2025-06-30,2025-07-01,-2.0503261882572232,-0.2854424357754404,8.587786259541996,13.356766256590502,-8.68217054263567,-5.899143672692664,27.640342530922936,11.88372978116079
DSS-BO-001-00201,UPST,2025-07-01,2025-07-02,0.04402700322865272,7.657327270060144,3.651723668074669,3.8911528855002153,-1.834746298873846,-0.24937655860349794,19.524717617720412,13.603725979169724
DSS-BO-001-00202,ACMR,2025-07-02,2025-07-03,0.3629764065335772,0.5786618444846292,4.6745774901114645,-1.8893850910340126,5.3221288515406195,-2.278481012658229,10.596745027124776,8.588426763110313
DSS-BO-001-00203,SKYW,2025-07-02,2025-07-03,0.12303615370055088,1.8810851687304897,-0.8535906476155097,4.585438892008242,1.2437365783822374,-0.38756026089423745,9.084034407789021,6.757179317515827
DSS-BO-001-00204,APPF,2025-07-03,2025-07-07,-0.8790182173340821,3.148830434410077,1.9063836856751282,-1.3490381480273927,4.205742615162156,0.0,10.693171107874221,7.858435438265787
DSS-BO-001-00205,FOUR,2025-07-03,2025-07-07,-0.6876227897838927,2.1463897131552834,0.3582841096155809,-0.3666538016209864,2.5179159403447615,-0.8803165182987183,7.319485657764591,4.508209693372911
DSS-BO-001-00206,NVDA,2025-07-03,2025-07-07,-0.716395399987424,0.025318058104928376,3.701828766689874,-0.018306077617769034,4.455294476655491,-0.5443382492562931,10.146211785556059,8.129641116526365
DSS-BO-001-00207,ARWR,2025-07-09,2025-07-10,0.5296610169491567,-0.6322444678609096,-6.521739130434789,6.920022688598992,-13.740053050397872,-24.657007376185458,1.8177028451000998,-14.530874604847199
DSS-BO-001-00208,CRDO,2025-07-09,2025-07-10,0.3791372066810128,-0.6839526337280355,5.44763079453181,-4.035481041037137,2.7628237684103496,-9.73866884442629,6.523070641077999,3.0768476929359023
DSS-BO-001-00209,MSFT,2025-07-09,2025-07-10,-0.0920884048686732,-0.3105838977277342,0.8643042350907626,1.1637870907315495,-0.16152861223283077,-1.051977718110042,2.3043321444315312,1.3569270228028565
DSS-BO-001-00210,ALGM,2025-07-10,2025-07-11,-1.0663822980538473,-0.943142010239828,-3.5092491838955353,3.2421764871722436,-7.973784817039853,-12.314739962274324,1.9940716787927748,-9.388897871193736
DSS-BO-001-00211,GOOG,2025-07-14,2025-07-15,0.5979483240989625,-0.4362525902497416,1.5500054770511529,3.316973194541828,2.249947797034868,-1.3087577707492692,8.190642381939139,6.6109935652743035
DSS-BO-001-00212,GOOGL,2025-07-14,2025-07-15,0.6904551480335863,-0.4443469197432659,1.6806259642935917,3.397821492440256,2.3008385744234694,-1.2726973503757733,8.283504306325074,6.8766361292446065
DSS-BO-001-00213,FN,2025-07-15,2025-07-16,0.640196371114854,-1.9611074489123248,4.05110102538242,-1.3893376413570357,5.065530799475759,-3.609096901779829,9.426499670402123,5.488859591298634
DSS-BO-001-00214,AVGO,2025-07-17,2025-07-18,0.2391250835179548,-1.322574986844427,0.12443117178613239,2.286688207932386,-0.5311209081126034,-4.925451675144721,6.900543764251887,0.3227153131029727
DSS-BO-001-00215,CALM,2025-07-17,2025-07-18,0.009853187506170258,-0.8275862068965578,12.477647526326251,-11.950185479597241,2.818738088073025,-3.8325123152709417,18.325123152709356,0.7852216748768461
DSS-BO-001-00216,AMZN,2025-07-21,2025-07-22,0.1482773658961989,-0.9449573245079224,1.7452850925396834,-0.1857932941583207,-7.471538028656766,-7.934157812227838,3.00034837136387,-7.119526214945127
DSS-BO-001-00217,OLLI,2025-07-21,2025-07-22,0.5041144636370509,-0.41307073836395203,-0.9480779201540668,3.1107455320421806,0.38436434839363987,-4.433134174227327,3.9905583831230995,1.9022350077450678
DSS-BO-001-00218,RXRX,2025-07-21,2025-07-22,1.8749999999999822,0.30674846625766694,-0.7645259938837912,-8.320493066255775,-7.058823529411762,-17.024539877300604,9.509202453987742,-15.384049079754591
DSS-BO-001-00219,SEDG,2025-07-21,2025-07-22,1.248699271592102,9.146968139773893,-14.532328939108597,-8.37311788468601,4.689378757515028,-16.409729359369653,11.168208290510462,-10.717300445358003
DSS-BO-001-00220,APPF,2025-07-23,2025-07-24,-0.03823799327009603,0.0038252620304435325,-0.3251348353287775,2.6095632819095993,12.33824519410578,-1.8208247264937638,24.71884324076199,14.699395608599186
DSS-BO-001-00221,HIMS,2025-07-23,2025-07-24,-0.7238883143743546,-0.4861111111111094,5.146545708304262,9.805873568939782,-22.861891810214573,-12.812500000000004,22.274305555555564,-11.57152777777779
DSS-BO-001-00222,UPST,2025-07-23,2025-07-24,-0.7250683466064389,-0.9818007662835138,-2.7448609431680704,1.6287454929752476,-14.937607046733536,-20.25862068965517,4.525862068965525,-16.95047892720306
DSS-BO-001-00223,ACMR,2025-07-28,2025-07-29,0.0625390869293252,-1.0000000000000009,-6.944444444444442,0.5766621438263231,-15.919055649241143,-28.031249999999996,1.6874999999999973,-22.293750000000003
DSS-BO-001-00224,CRDO,2025-07-28,2025-07-29,1.8990273274664071,-0.5636363636363662,-1.663923934905831,2.538118259576061,13.682110798803148,-6.536363636363629,14.036363636363625,13.781818181818185
DSS-BO-001-00225,NVDA,2025-07-28,2025-07-29,0.7081751742110898,-1.3951395139513934,-1.021223185759923,2.6111015044094854,2.7524997191326728,-3.9941494149414947,3.6397389738973995,2.7027902790279112
DSS-BO-001-00226,SKYW,2025-07-28,2025-07-29,1.2593601089176287,-1.9915966386554684,-6.44774071851153,0.09165062780680522,7.389433202087736,-9.882352941176475,0.369747899159667,-1.6453781512605015
DSS-BO-001-00227,CVLT,2025-07-29,2025-07-30,1.7540228695607007,-1.6729380656971382,-3.552774473806697,-0.4986595174262809,3.16322681467911,-8.97996542255669,2.049222007525686,-2.8543272653310248
DSS-BO-001-00228,META,2025-07-31,2025-08-01,-1.655186727374136,-1.3968212095231802,2.9308684252769224,-0.3482916812871273,2.069667053560953,-2.0141133021169932,4.682450702367613,3.0328694849304227
DSS-BO-001-00229,MSFT,2025-07-31,2025-08-01,0.30986075160126525,-2.0624964683279567,0.1577044388029636,-0.5530166289028027,-0.3572118169530847,-3.2886929988133473,0.5782524344992712,-2.99896780998663
DSS-BO-001-00230,LRN,2025-08-06,2025-08-07,-0.4180151024811285,-2.471225457007431,9.253731343283578,-0.19062142584825859,6.805449452508272,-4.854434664861196,13.744075829383906,13.388354773188915
DSS-BO-001-00231,ZETA,2025-08-06,2025-08-07,1.9772614928324161,-5.089675230247215,-5.362614913176699,-3.8855909336211636,2.695115103874235,-15.7537566650509,1.8904507998061204,-11.542704798836645
DSS-BO-001-00232,BROS,2025-08-07,2025-08-08,-1.0103885014942304,-5.002875215641178,2.2094430992736225,-6.736748593426123,4.01651055723129,-10.695802185163894,0.6900517538815487,-6.007935595169645
DSS-BO-001-00233,FN,2025-08-07,2025-08-08,0.37898003640595146,2.262322373506165,-1.9419169161894234,-2.2264385876493376,-10.74893875075803,-18.993400321065458,5.996194779713426,-12.694797550389437
DSS-BO-001-00234,AAPL,2025-08-08,2025-08-11,-0.5034144633164095,-0.32997492190594,2.4631411671228065,-0.8099259003963466,-1.6157053509381458,-1.821461568920757,3.1281622596682768,-0.5387742531567483
DSS-BO-001-00235,GOOG,2025-08-08,2025-08-11,-0.21835144657833538,-0.004973392350915429,1.0842534566795958,0.2312536902184581,2.380835501448142,-2.073904610334698,4.684935594569062,3.525070870840996
DSS-BO-001-00236,GOOGL,2025-08-08,2025-08-11,-0.2389843166542116,0.029944602485398875,0.9629297011425564,0.2767345325162873,2.4541691306918967,-2.165992913110748,4.766182562259802,3.5580476119179583
DSS-BO-001-00237,COST,2025-08-11,2025-08-12,-0.02437612358694441,0.2783619314660646,-1.9380591042175377,0.9060478955307039,-4.027807639934067,-5.5906047768533025,1.092113417248286,-4.970757774323653
DSS-BO-001-00238,SOUN,2025-08-11,2025-08-12,-0.3144654088050314,0.8201892744479578,-2.4405506883604544,-14.68890314304041,-9.624060150375946,-25.48895899053627,7.760252365930587,-24.364037854889588
DSS-BO-001-00239,TSLA,2025-08-11,2025-08-12,1.8169483526531582,-1.260175555491183,-3.0160779251261483,-0.3781461761858673,6.789954753879335,-8.86178626263796,1.943857006286387,1.6772270343868634
DSS-BO-001-00240,AVGO,2025-08-12,2025-08-13,1.2944775398486597,-2.4573226944718196,-1.0754790770433953,-4.773670685906306,3.1205673758865293,-11.046825825730366,0.14941030613218054,-5.4452554280446375
DSS-BO-001-00241,ARWR,2025-08-13,2025-08-14,-6.503251625812889,0.48154093097914075,5.750798722044714,4.4813695871097625,7.662650602409649,-2.9427501337613737,21.722846441947553,19.329159978598163
DSS-BO-001-00242,AX,2025-08-13,2025-08-14,-0.918047469771599,0.6440677966101704,-2.4811945660716206,-1.1858162560442143,6.431317721076546,-3.322033898305077,5.073446327683606,3.02033898305083
DSS-BO-001-00243,DLO,2025-08-13,2025-08-14,16.710182767624016,12.527964205816545,-3.7773359840954313,-2.3415977961432466,0.9873060648801113,-3.0574198359433313,20.50708426547352,6.585980611483966
DSS-BO-001-00244,GH,2025-08-13,2025-08-14,-1.2122246884070376,4.320774282751461,-2.965540092776675,4.6269421205395345,5.2056135770234935,-0.7777393708952696,12.53024541997927,11.224127203594891
DSS-BO-001-00245,CALM,2025-08-22,2025-08-25,0.26616981634284276,-0.7963897000265563,-0.017839621800008754,0.5352841466678582,-6.3182181205075905,-6.645429607999298,0.9468188655871179,-6.783488186886122
DSS-BO-001-00246,SEDG,2025-08-22,2025-08-25,-2.3615160349854114,-4.4789489399820965,3.938730853391692,-5.172932330827063,-4.725658103393604,-14.780531501940885,6.808002388772771,-10.5015825619588
DSS-BO-001-00247,SKYW,2025-08-25,2025-08-26,0.40369088811995635,1.5180109953228715,-1.8752020691884863,0.8978583196046053,-11.715242060576369,-12.078444243866414,1.6985312217937087,-11.46610322474768
DSS-BO-001-00248,CRDO,2025-08-28,2025-08-29,-0.6599908966772872,-6.025200458190138,8.889972371201038,10.097014925373138,11.15027452043651,-11.294387170675824,28.61397479954182,25.0233676975945
DSS-BO-001-00249,GOOG,2025-08-28,2025-08-29,-0.5194314586579929,1.0680210756158992,8.961112154799933,0.7327586206896441,7.5181857081728865,-2.0411069445103625,19.741776237717758,19.07184696444677
DSS-BO-001-00250,GOOGL,2025-08-28,2025-08-29,-0.5354435178165251,1.1385832023248055,9.109750353273661,0.8375064755655526,7.509204555184512,-2.053260921347244,20.013339050069078,19.432223333809738
DSS-BO-001-00251,AMBA,2025-08-29,2025-09-02,-3.5766246362754606,0.6789890607317828,3.4594729611590047,2.1728633510381457,-6.498109640831762,-4.9792531120331995,9.090909090909104,-0.6903809883063048
DSS-BO-001-00252,GH,2025-08-29,2025-09-02,-2.2693562741026407,0.9409622097435122,-9.592542474815824,-1.1475137202727526,-6.796769851951545,-18.9558354833814,3.2023068750948624,-16.120473516466838
DSS-BO-001-00253,PRVA,2025-08-29,2025-09-02,-1.041666666666663,1.7105263157894735,0.38809831824062613,0.6443298969072142,-4.737516005121634,-3.421052631578947,4.824561403508754,-2.3052631578947436
DSS-BO-001-00254,ARWR,2025-09-02,2025-09-03,0.2725856697819218,7.961165048543695,-2.2661870503597137,6.330511593669486,0.8307372793354029,-0.5436893203883519,20.893203883495136,12.926213592233005
DSS-BO-001-00255,AAPL,2025-09-03,2025-09-04,-0.008410428931882041,0.5551349987383158,-2.2626516102049354,-1.8443236766656712,3.413549568401786,-5.244343510808314,1.2027924972663806,-0.4397173858188162
DSS-BO-001-00256,CARG,2025-09-03,2025-09-04,0.028264556246471173,2.232269002543097,-0.9673852957435058,1.2838403572425383,3.527142463488575,-0.8476970895733182,6.244701893190174,5.95993218423283
DSS-BO-001-00257,AEO,2025-09-04,2025-09-05,0.37981551817689585,-0.2702702702702786,2.3306233062330595,-4.766949152542366,2.8921023359288034,-7.13513513513514,8.270270270270274,-0.2
DSS-BO-001-00258,AMZN,2025-09-04,2025-09-05,-0.2545824847250522,-1.169814531223412,-0.8608444884431576,-0.9464681109712214,1.45956607495068,-3.739152628892306,1.6037093755317366,-1.7313935681470216
DSS-BO-001-00259,FUBO,2025-09-05,2025-09-08,0.37406328319500304,2.3602386739599357,0.9708698589407039,4.807673046181704,4.58713842836993,-3.1055772025788686,13.291870427037566,13.091870427037566
DSS-BO-001-00260,HIMS,2025-09-11,2025-09-12,-1.4103554868624357,8.759553203997639,-9.279279279279272,14.836146971201591,1.003113109650644,-4.585537918871263,16.32373113854595,14.24248481285517
DSS-BO-001-00261,TSLA,2025-09-11,2025-09-12,0.5721103006968375,6.745389841475236,7.556700510178316,0.04931198046305152,3.363297110803387,-0.18332794133506525,19.966569610697714,18.531802005823337
DSS-BO-001-00262,ZETA,2025-09-11,2025-09-12,0.19267822736031004,-2.1634615384615308,1.2776412776412727,4.269771955361468,-4.513727315030247,-6.153846153846154,6.682692307692317,-1.5461538461538524
DSS-BO-001-00263,META,2025-09-16,2025-09-17,0.12750173866007408,-0.5479452054794498,-1.2946365059041232,-0.5883277863675485,-5.695343289090415,-8.886745128304074,1.385298089909326,-8.170930606469874
DSS-BO-001-00264,ACMR,2025-09-17,2025-09-18,2.251184834123232,4.54808806488991,8.03546688833472,-2.6417030007694353,14.120126448893577,-1.2456546929316303,30.706836616454215,25.292468134414815
DSS-BO-001-00265,CRDO,2025-09-18,2025-09-19,0.3075851662700968,-1.8977088636889627,-11.901391837697572,-4.317847101352246,0.6576645910585599,-20.157370978940058,2.1175653783846338,-16.961166396667437
DSS-BO-001-00266,SOUN,2025-09-18,2025-09-19,0.19193857965451588,3.7675606641123904,9.415384615384625,-10.348706411698549,11.982434127979946,-2.298850574712641,23.43550446998721,13.784674329501922
DSS-BO-001-00267,AAPL,2025-09-19,2025-09-22,1.1396593276418399,3.13408723747981,0.3093671679197829,-0.9525668553581723,0.8907808127389449,-0.07269789983844754,4.40630048465267,3.180452342487894
DSS-BO-001-00268,NXT,2025-09-19,2025-09-22,-1.3875262789067921,3.95110858442298,0.5058791359037418,3.564140933206361,2.902929200052551,-1.6202387720295586,14.880613985218872,11.141671404206942
DSS-BO-001-00269,SEDG,2025-09-22,2025-09-23,1.0886469673405896,-7.871794871794869,9.796827163929866,-6.210392902408113,-3.9189189189189233,-9.025641025641029,3.8461538461538547,-9.046153846153848
DSS-BO-001-00270,AAON,2025-09-23,2025-09-24,0.1808895509682884,-3.643122676579935,0.5401234567901092,4.845959872820971,6.807487190212291,-7.9341476367498665,11.821561338289953,8.286457780138079
DSS-BO-001-00271,ARWR,2025-09-23,2025-09-24,1.1384615384615326,-0.12169151201703032,2.893694791349377,3.6412078152753047,5.512710654098818,-4.304837237602676,19.92668086400975,12.182111347733503
DSS-BO-001-00272,PRVA,2025-09-26,2025-09-29,0.16694490818029983,1.750000000000007,0.16380016380015405,-1.3491414554374526,0.041442188147544634,-1.1666666666666714,6.499999999999995,0.3833333333333357
DSS-BO-001-00273,MSFT,2025-10-01,2025-10-02,-0.3427310045697629,-0.4235723861891971,1.5980799625358477,-0.3015287700698921,-2.0650729132553836,-2.3024462276798663,2.529776361552072,-1.420199351040463
DSS-BO-001-00274,CARG,2025-10-02,2025-10-03,0.5757655064119405,-1.4311735623210975,-8.210137275607178,-3.6525740580960697,4.238805970149251,-13.791308873276076,0.5204267499349546,-9.333489461358313
DSS-BO-001-00275,GH,2025-10-08,2025-10-09,-0.2602571953459698,0.16884113584036964,-4.1372969659822285,7.8484654731457715,2.7864235956721384,-6.369915579432083,7.950882578664609,6.246661550268584
DSS-BO-001-00276,RXRX,2025-10-08,2025-10-09,0.9852216748768461,-3.9024390243902474,-0.33840947546531774,7.97962648556878,-9.905660377358494,-17.560975609756103,16.747967479674774,-7.0292682926829215
DSS-BO-001-00277,NXT,2025-10-09,2025-10-10,2.170542635658923,-3.3500641998365888,12.463768115942031,-6.507731958762886,12.887663680220541,-5.100968833897523,19.038169721022523,14.519271623672235
DSS-BO-001-00278,HIMS,2025-10-15,2025-10-16,-1.0197578075207159,-4.781068898905339,-16.551141166525785,-1.7625607779578556,-9.135904310167042,-29.088860270444307,2.4307791371539045,-29.272762395363806
DSS-BO-001-00279,AAPL,2025-10-20,2025-10-21,-0.1376673040152987,0.34081335682010216,0.019081784528496293,2.3504273504273643,0.3877124962719858,-2.462280768936198,5.8972198820556265,2.917101937657951
DSS-BO-001-00280,PRVA,2025-10-20,2025-10-21,-0.5303030303030143,-0.9520182787509546,-0.07689350249905358,-0.2308580223162715,-4.7821056691091375,-8.872810357958883,0.8758568164508596,-6.1786747905559825
DSS-BO-001-00281,GH,2025-10-24,2025-10-27,0.568260568260559,-2.3566703417861157,30.430486944248415,7.044692132886055,-1.0109179134654256,-6.256890848952601,39.980705622932724,34.750385887541334
DSS-BO-001-00282,META,2025-10-27,2025-10-28,0.24169749088627235,-0.1585229392017773,-13.718662023509332,-3.2443131736434205,-0.03835765315092221,-20.120424148771775,0.8672137262215829,-16.882208131294284
DSS-BO-001-00283,MSFT,2025-10-27,2025-10-28,3.478046840979232,-1.4417974896622332,-4.475921731704602,-0.6724322223301882,-1.097654033536155,-10.317634573864677,0.6769861309327885,-7.712716361108052
DSS-BO-001-00284,ARWR,2025-10-30,2025-10-31,0.14181044670289467,0.047203209818280634,-4.906817645671147,-2.679235921607559,5.174611266887585,-11.848005664385175,3.115411848005656,-2.8197781449138537
DSS-BO-001-00285,TSLA,2025-11-03,2025-11-04,-2.96987424472106,-2.244421951326847,-3.3178769189213586,2.35146209722481,-8.72799235703562,-15.772565242265546,2.858337367425068,-11.908401179421723
DSS-BO-001-00286,AMBA,2025-11-06,2025-11-07,-4.292650629000216,3.3898305084745672,6.512769042043054,-8.030572714898964,-1.9353369763205897,-7.402282947077133,11.48391560013835,-0.8802721088435381
DSS-BO-001-00287,AEO,2025-11-10,2025-11-11,0.05688282138796019,-1.7623649801023267,0.4629629629629539,-0.3456221198156584,12.369942196531802,-4.66173962478681,12.563956793632759,10.317339397384885
DSS-BO-001-00288,AEO,2025-11-26,2025-11-28,0.44932601098353064,0.248508946322068,17.50123946455131,-3.6708860759493755,10.249671484888312,-0.9443339960238606,25.64612326043738,24.899403578528823
DSS-BO-001-00289,ACMR,2025-12-10,2025-12-11,-1.8490374873353477,3.200000000000003,-7.1267816954238565,1.8039849219170678,7.431896323723874,-5.161290322580648,8.180645161290334,4.625806451612902
DSS-BO-001-00290,SKYW,2025-12-10,2025-12-11,0.4034906634137192,0.41121495327103297,-3.657855547282196,0.7438894792773709,-1.4672036823935586,-5.084112149532705,1.5887850467289688,-4.171962616822434
DSS-BO-001-00291,TSLA,2025-12-12,2025-12-15,2.2856022311312563,1.248269251251477,1.6957354147819403,1.1088813952045085,-7.018190002659952,-3.3251677494940957,6.258387474704441,-3.3994887634465787
DSS-BO-001-00292,BROS,2025-12-17,2025-12-18,2.3647040152356746,0.7286821705426272,-2.231799291980907,0.7714105793450887,-6.077175441337301,-7.61240310077519,2.2170542635659096,-6.990697674418611
DSS-BO-001-00293,IOVA,2025-12-22,2025-12-23,1.4388489208633004,0.0,-1.0638297872340385,-2.1505376344086002,-4.395604395604402,-14.539007092198574,6.028368794326244,-7.646808510638293
DSS-BO-001-00294,NVDA,2025-12-23,2025-12-24,-0.6720287861149199,0.35693356773744966,-0.5680008493470612,0.6993753670385905,-2.115364224366456,-2.2694582068083835,3.0259442757444965,-1.840828938255823
DSS-BO-001-00295,ZETA,2025-12-26,2025-12-29,-1.352657004830904,-0.04897159647405669,-2.4497795198432093,19.537920642893013,-1.2184873949579789,-4.603330068560241,21.939275220372156,14.93222331047992
DSS-BO-001-00296,ACMR,2026-01-05,2026-01-06,1.5111111111111075,2.6707530647986033,13.475479744136454,-3.5888763622698217,4.170726953810178,-0.13134851138354442,20.030647985989482,16.809632224168137
DSS-BO-001-00297,DLO,2026-01-05,2026-01-06,0.0,2.5482093663911964,-5.372733378106121,0.14194464158978626,-5.882352941176472,-10.123966942148755,5.303030303030298,-8.739944903581264
DSS-BO-001-00298,AEO,2026-01-06,2026-01-07,-0.43057050592034685,-3.171171171171172,-4.354298474134732,-0.7392996108949279,-2.1168169345354815,-14.522522522522529,1.2972972972973063,-10.218018018018027
DSS-BO-001-00299,ALGM,2026-01-06,2026-01-07,-1.205201395496358,-1.637239165329052,-1.533942558746737,6.894265826980428,4.837209302325585,-4.719101123595504,11.524879614767269,8.339325842696631
DSS-BO-001-00300,AMBA,2026-01-06,2026-01-07,-1.0292658730158721,-11.615085828843497,-2.792741706833024,-5.4980312089835115,6.58950617283951,-19.809547675729867,0.0,-13.656960280666597
DSS-BO-001-00301,AMZN,2026-01-06,2026-01-07,-0.5478769767152225,0.8138224614999245,2.0326212949163702,-3.984257718992168,-0.9761250792309273,-5.312799966612413,3.893827469638156,-2.3994073703100915
DSS-BO-001-00302,GH,2026-01-06,2026-01-07,0.2848749221045166,-2.414558366622277,-2.146820704084429,0.9575160360695278,7.9926335174953955,-7.85619174434089,7.181535730137578,3.910075454948947
DSS-BO-001-00303,AX,2026-01-08,2026-01-09,0.08587376556461468,-0.9545259545259532,-0.37899296155927686,2.6630434782608736,-1.0481736368448957,-3.120978120978113,7.057057057057059,0.03595023595024411
DSS-BO-001-00304,GOOG,2026-01-12,2026-01-13,0.7643695455913146,0.3434476167722078,-1.8095776660019602,-0.5941014215998464,2.4058545509986207,-4.694779596225052,1.7650221001075161,0.09865010154104253
DSS-BO-001-00305,GOOGL,2026-01-12,2026-01-13,0.9051685122046793,0.32891786023980796,-1.7762942210830523,-0.49154959492672123,2.3235249275804337,-4.634751667015524,1.6804712495888552,0.14087850970307975
DSS-BO-001-00306,NXT,2026-01-12,2026-01-13,0.9689140088817272,0.19992003198718855,-3.870710295291302,4.109589041095885,19.587320574162682,-7.576969212315088,31.5373850459816,19.72203118752498
DSS-BO-001-00307,SEDG,2026-01-12,2026-01-13,1.4447592067988735,-4.188774085450985,-1.165840862722256,-1.680920082571491,7.378524295140942,-11.896118402680822,2.0943870427254874,-0.2279251605696862
DSS-BO-001-00308,WING,2026-01-12,2026-01-13,-0.5430566330488662,-2.6272869096582108,0.22939955576593007,-4.381312213906852,3.218085106382995,-9.576655793504473,1.141682030917579,-3.876783434973763
DSS-BO-001-00309,CRDO,2026-01-13,2026-01-14,-1.1649522865286865,-1.66771159874608,-2.3080846722774884,-11.826132358699915,-4.1672834937083625,-22.72727272727273,3.3228840125391956,-19.02758620689655
DSS-BO-001-00310,TMDX,2026-01-13,2026-01-14,-1.8078620979609106,1.3059302076643187,-0.021132713440408235,-2.70555907841894,0.6372655514519376,-5.787483051452213,6.4868336544637195,-1.0278027545850275
DSS-BO-001-00311,AAON,2026-01-14,2026-01-15,1.3687692483175473,1.1139867221784616,6.220787892276869,-1.2257726558407511,-3.6062791684344564,-2.1717114886913524,9.665803983346443,2.061730617756252
DSS-BO-001-00312,FRPT,2026-01-20,2026-01-21,0.9162110240874988,2.2990188900278152,3.220727168622961,-0.845929829427261,-3.2167832167832144,-3.5876409430370515,7.175281886074081,1.1325523502708992
DSS-BO-001-00313,ENPH,2026-01-22,2026-01-23,2.5197628458498045,-4.915662650602403,2.5595539787126143,-8.62367185569558,34.66738777717686,-14.578313253012043,27.542168674698786,19.799999999999997
DSS-BO-001-00314,CROX,2026-02-12,2026-02-13,1.4320536258379146,-2.993892059677594,-0.41288191577207867,0.1762023217247055,-10.139679255043987,-13.427455692400125,1.2316010814058087,-13.236948032442186
DSS-BO-001-00315,IOVA,2026-02-24,2026-02-25,10.582010582010582,-8.373205741626787,-1.0443864229765065,12.401055408970961,13.6150234741784,-16.267942583732054,34.68899521531101,15.589473684210532
DSS-BO-001-00316,FRPT,2026-02-27,2026-03-02,-1.4446417998815853,1.3576835275741939,0.9838786154575674,-2.770278201666865,-9.006398647832903,-11.582362129040014,3.328126877327886,-9.643710200648803
DSS-BO-001-00317,SEDG,2026-03-19,2026-03-20,3.83267630310995,9.112001687407712,-0.8699014111733905,0.9360374414976613,-12.886398763523943,-5.758278844125709,13.372706180130777,-5.093482387681913
DSS-BO-001-00318,AX,2026-04-08,2026-04-09,-0.6763285024154686,1.1781236489407654,0.37389167823949077,0.8301404853128913,3.0926746886214884,-1.49156939040207,7.6415910073497795,5.366364029399051
DSS-BO-001-00319,COST,2026-04-08,2026-04-09,-0.12927934057815893,0.2997712784077011,-5.544719707335055,1.2728710999702075,2.7521353648887192,-6.117085989585869,0.6686456761886062,-1.6151540220935456
DSS-BO-001-00320,ARWR,2026-04-09,2026-04-10,0.2264834667069282,-1.8680325399216602,8.919250844335291,-2.029598308668068,6.330024456912664,-4.685146128351903,15.215426333232918,11.143778246459778
DSS-BO-001-00321,AVGO,2026-04-09,2026-04-10,1.7383942429801014,2.898671326731561,6.77431529005823,2.47670983867303,3.988667159398873,-0.07212005214833894,18.89545366286649,16.881356966519647
DSS-BO-001-00322,CRDO,2026-04-13,2026-04-14,14.69931527240249,3.510479527610144,0.7334503510531443,14.083016989233933,-9.49159938904648,-3.315813380053212,29.109077931347716,7.463357342158172
DSS-BO-001-00323,NVDA,2026-04-14,2026-04-15,0.020379050336249982,1.1817440912795352,1.6008860249697943,0.21801605390943113,3.3372886383862266,-0.41259168704156357,10.319885900570513,6.26393643031784
DSS-BO-001-00324,CARG,2026-04-17,2026-04-20,-0.40694519804665985,1.1441024244075226,0.9426339886883683,0.6670224119530443,-1.9878081102570944,-1.5254698992100302,5.311904113320609,0.5354944156905408
DSS-BO-001-00325,GOOG,2026-04-17,2026-04-20,-0.24764150943396013,-0.9339165385979453,0.7010739856802006,3.187675899866682,8.928827768367276,-2.639200851164447,13.473814871734247,11.93204870552076
DSS-BO-001-00326,PRVA,2026-04-17,2026-04-20,-0.08326394671107629,0.3333333333333188,-2.408637873754149,3.872340425531906,-0.6964358869315901,-3.7083333333333357,5.166666666666653,0.8000000000000009
DSS-BO-001-00327,ALGM,2026-04-20,2026-04-21,0.49200492004921603,1.0526315789473717,6.904069767441867,-6.820756854747345,20.81712062256811,-0.024479804161559038,23.15789473684211,21.415667074663403
DSS-BO-001-00328,ACMR,2026-04-22,2026-04-23,0.7702182284980763,-1.7470427661510524,-8.26078903500649,4.360993337371277,14.528922422131952,-13.139217470427667,16.378525932666065,7.534303912647866
DSS-BO-001-00329,GOOGL,2026-04-24,2026-04-27,0.5694529184462116,1.1497905532283692,9.836346499871485,-0.4030475596120353,1.407237219988522,-1.0457893976599797,16.065289614329046,12.008580095334409
DSS-BO-001-00330,AMBA,2026-05-01,2026-05-04,0.6567915036333138,-1.81868665833681,5.019796380090491,7.338090749966342,-1.0536879076768702,-3.609607108149371,15.74344023323615,9.309926419547399
DSS-BO-001-00331,FIVN,2026-05-01,2026-05-04,0.17985611510793476,4.757630161579884,-4.884318766066842,-3.5585585585585555,-1.307800093414302,-10.996409335727119,13.734290843806107,-5.361579892280077
DSS-BO-001-00332,GOOG,2026-05-05,2026-05-06,1.3774606811790324,1.430662933757998,-2.116991643454025,3.1717286697366287,-3.54312938816449,-2.5274188991344038,3.827087560681175,-1.3969280558908779
DSS-BO-001-00333,ALGM,2026-05-06,2026-05-07,-14.541561222503407,9.179954441913441,-4.297934487794707,-1.962066710268151,-0.6004002668445585,-9.863325740318906,12.733485193621874,1.6223234624145988
DSS-BO-001-00334,ARWR,2026-05-06,2026-05-07,-0.9603234773818636,-0.5486093391171121,1.398332264271973,0.8223684210526105,-5.207679759066375,-10.844603215105897,4.950242408777772,-3.823373309517719
DSS-BO-001-00335,BROS,2026-05-06,2026-05-07,-8.567558415171018,-0.8518518518518481,-5.341800522973472,-1.3417521704814472,6.919999999999993,-10.518518518518515,2.6851851851851904,-1.2000000000000008
DSS-BO-001-00336,TSLA,2026-05-07,2026-05-08,1.1389300371548616,2.850076834421822,3.950040854441461,-5.172142744851438,0.8928571428571397,-5.486457933154054,8.864771417595074,2.088225124855936
DSS-BO-001-00337,CRDO,2026-05-11,2026-05-12,-3.3155741604033895,-2.3025830258302626,-13.295059676688325,-1.847011674507737,30.913071779395217,-26.72078720787208,14.981549815498152,8.646248462484628
DSS-BO-001-00338,AVGO,2026-05-14,2026-05-15,-1.575950808471882,-1.7724096441297688,-1.7478564025251941,-0.865499880124676,11.064354639773644,-6.238141515109441,7.66578740339674,6.061280022212978
DSS-BO-001-00339,CROX,2026-05-21,2026-05-22,0.06426145230882252,1.3211009174311839,7.406736689605231,0.5563985837127028,1.1485580147551966,-0.7522935779816442,14.513761467889896,10.488073394495423
DSS-BO-001-00340,AAPL,2026-05-22,2026-05-26,0.2558124473803547,-0.4134233390394426,1.2097428080303674,1.0062167531884825,-7.8204314720812125,-7.050805852524156,2.5160686024353174,-6.3561319078841105
DSS-BO-001-00341,IOVA,2026-05-27,2026-05-28,0.22883295194506825,-1.82648401826484,-4.651162790697683,6.829268292682933,-9.589041095890405,-15.52511415525114,4.5136986301369975,-9.789041095890404
DSS-BO-001-00342,ZETA,2026-05-29,2026-06-01,3.320227173438184,6.638477801268494,-8.20777160983347,-6.004319654427636,-9.145220588235304,-19.069767441860453,9.725158562367863,-16.605919661733616
DSS-BO-001-00343,AVGO,2026-06-02,2026-06-03,2.741207545600144,-3.1417640033199024,-17.242460342341214,-6.177235649165347,5.59069742402627,-25.15233101884653,0.04655964695641224,-20.789485617117766
DSS-BO-001-00344,LRN,2026-06-03,2026-06-04,1.8970189701897011,0.4629629629629539,-4.765173056181982,2.4091423864923245,-16.75882175530311,-20.981087470449168,2.117809298660367,-18.63971631205674
DSS-BO-001-00345,BROS,2026-06-10,2026-06-11,0.6635700066357053,7.1687541199736415,1.5377518068583784,7.102832046039675,1.597850678733015,-1.9940672379696767,18.556361239288055,18.208042188529983
DSS-BO-001-00346,ARWR,2026-06-17,2026-06-18,2.3198420533069974,-1.3265798359865077,-2.456612075287201,-1.1527377521613813,6.464697680314346,-6.5967197298601015,1.9641823444283668,1.0904003859141256
DSS-BO-001-00347,AX,2026-06-24,2026-06-25,-0.23317435082140792,1.2854562838627626,2.150199286763166,0.5236677276927892,0.0,-0.7861468182301046,6.363539785403183,3.8050993307128467
DSS-BO-001-00348,GH,2026-06-24,2026-06-25,0.6498247663551338,3.692419296336591,4.960123128585425,11.964273811904281,0.0,-0.25389916575987437,25.21581429089592,21.657091040986586
DSS-BO-001-00349,PRVA,2026-06-24,2026-06-25,0.4487964096287156,-0.36555645816409577,4.891969017529552,6.335017489312089,0.0,-0.7311129163281915,11.779041429731919,10.929163281884646
DSS-BO-001-00350,SKYW,2026-06-24,2026-06-25,0.5377456049638019,1.1005965850648058,1.0580933970902429,-2.466525722339674,0.0,-2.283480765274637,4.248097099362269,-0.5497222793663934
