trade_id,symbol,signal_date,entry_date,exit_date,entry_price,exit_price,holding_days,gross_return_pct,net_return_x1_pct,net_return_x2_pct,net_return_x3_pct,cost_bps_x1,cost_bps_x2,cost_bps_x3,entry_model,exit_model
DSS-BO-001-00001,ZETA,2024-04-26,2024-04-29,2024-05-13,12.92,15.78,10,22.13622291021671,22.036222910216708,21.936222910216706,21.83622291021671,10.0,20.0,30.0,next_open,time_stop_10_sessions_close
DSS-BO-001-00002,AX,2024-05-01,2024-05-02,2024-05-16,56.74,61.14,10,7.75467042650686,7.6546704265068595,7.55467042650686,7.45467042650686,10.0,20.0,30.0,next_open,time_stop_10_sessions_close
DSS-BO-001-00003,OLLI,2024-05-03,2024-05-06,2024-05-20,78.51,73.17,10,-6.801681314482233,-6.901681314482233,-7.001681314482234,-7.101681314482233,10.0,20.0,30.0,next_open,time_stop_10_sessions_close
DSS-BO-001-00004,FRPT,2024-05-06,2024-05-07,2024-05-21,122.78,126.67,10,3.1682684476299183,3.0682684476299182,2.968268447629918,2.8682684476299185,10.0,20.0,30.0,next_open,time_stop_10_sessions_close
DSS-BO-001-00005,BROS,2024-05-10,2024-05-13,2024-05-28,35.0,35.3,10,0.8571428571428452,0.7571428571428452,0.6571428571428453,0.5571428571428452,10.0,20.0,30.0,next_open,time_stop_10_sessions_close
DSS-BO-001-00006,CARG,2024-05-10,2024-05-13,2024-05-28,24.29,23.47,10,-3.3758748456154786,-3.4758748456154787,-3.5758748456154787,-3.675874845615479,10.0,20.0,30.0,next_open,time_stop_10_sessions_close
DSS-BO-001-00007,RXRX,2024-05-13,2024-05-14,2024-05-29,9.73,8.58,10,-11.819116135662899,-11.9191161356629,-12.0191161356629,-12.1191161356629,10.0,20.0,30.0,next_open,time_stop_10_sessions_close
DSS-BO-001-00008,MNDY,2024-05-15,2024-05-16,2024-05-31,222.84,225.91,10,1.3776700771854111,1.277670077185411,1.1776700771854112,1.0776700771854113,10.0,20.0,30.0,next_open,time_stop_10_sessions_close
DSS-BO-001-00009,GH,2024-05-16,2024-05-17,2024-06-03,26.5,27.41,10,3.433962264150936,3.333962264150936,3.233962264150936,3.1339622641509357,10.0,20.0,30.0,next_open,time_stop_10_sessions_close
DSS-BO-001-00010,GOOG,2024-05-17,2024-05-20,2024-06-04,175.76,173.6,10,-1.228948566226673,-1.3289485662266731,-1.428948566226673,-1.5289485662266729,10.0,20.0,30.0,next_open,time_stop_10_sessions_close
DSS-BO-001-00011,GOOGL,2024-05-20,2024-05-21,2024-06-05,175.35,173.87,10,-0.8440262332477855,-0.9440262332477856,-1.0440262332477854,-1.1440262332477853,10.0,20.0,30.0,next_open,time_stop_10_sessions_close
DSS-BO-001-00012,CALM,2024-05-21,2024-05-22,2024-06-06,53.97,51.85,10,-3.9281082082638474,-4.0281082082638475,-4.128108208263848,-4.228108208263848,10.0,20.0,30.0,next_open,time_stop_10_sessions_close
DSS-BO-001-00013,MSFT,2024-05-21,2024-05-22,2024-06-06,423.44,417.95,10,-1.296523710561126,-1.3965237105611261,-1.496523710561126,-1.5965237105611259,10.0,20.0,30.0,next_open,time_stop_10_sessions_close
DSS-BO-001-00014,CRDO,2024-05-22,2024-05-23,2024-06-07,20.01,27.15,10,35.68215892053972,35.58215892053972,35.48215892053972,35.382158920539716,10.0,20.0,30.0,next_open,time_stop_10_sessions_close
DSS-BO-001-00015,NVDA,2024-05-23,2024-05-24,2024-06-10,104.27,121.58,10,16.601131677376046,16.501131677376048,16.401131677376046,16.301131677376045,10.0,20.0,30.0,next_open,time_stop_10_sessions_close
DSS-BO-001-00016,ENPH,2024-05-24,2024-05-28,2024-06-11,129.04,132.41,10,2.611593304401749,2.511593304401749,2.411593304401749,2.3115933044017494,10.0,20.0,30.0,next_open,time_stop_10_sessions_close
DSS-BO-001-00017,FRPT,2024-05-28,2024-05-29,2024-06-12,130.81,126.56,10,-3.2489870804984333,-3.3489870804984334,-3.4489870804984335,-3.5489870804984336,10.0,20.0,30.0,next_open,time_stop_10_sessions_close
DSS-BO-001-00018,TMDX,2024-05-28,2024-05-29,2024-06-12,141.54,141.88,10,0.24021478027413945,0.14021478027413944,0.040214780274139446,-0.05978521972586055,10.0,20.0,30.0,next_open,time_stop_10_sessions_close
DSS-BO-001-00019,CROX,2024-05-30,2024-05-31,2024-06-14,156.34,156.98,10,0.4093642062171998,0.30936420621719984,0.2093642062171998,0.10936420621719982,10.0,20.0,30.0,next_open,time_stop_10_sessions_close
DSS-BO-001-00020,OLLI,2024-05-30,2024-05-31,2024-06-14,81.12,87.71,10,8.12376725838262,8.02376725838262,7.923767258382619,7.8237672583826186,10.0,20.0,30.0,next_open,time_stop_10_sessions_close
DSS-BO-001-00021,AMBA,2024-05-31,2024-06-03,2024-06-17,59.02,55.9,10,-5.286343612334809,-5.38634361233481,-5.48634361233481,-5.58634361233481,10.0,20.0,30.0,next_open,time_stop_10_sessions_close
DSS-BO-001-00022,AAPL,2024-06-03,2024-06-04,2024-06-18,192.94,212.45,10,10.111951902145734,10.011951902145732,9.911951902145733,9.811951902145733,10.0,20.0,30.0,next_open,time_stop_10_sessions_close
DSS-BO-001-00023,GH,2024-06-04,2024-06-05,2024-06-20,28.04,29.56,10,5.42082738944365,5.32082738944365,5.22082738944365,5.120827389443649,10.0,20.0,30.0,next_open,time_stop_10_sessions_close
DSS-BO-001-00024,META,2024-06-05,2024-06-06,2024-06-21,489.21,491.48,10,0.4640134093742976,0.3640134093742976,0.26401340937429757,0.16401340937429756,10.0,20.0,30.0,next_open,time_stop_10_sessions_close
DSS-BO-001-00025,CARG,2024-06-06,2024-06-07,2024-06-24,25.25,25.25,10,0.0,-0.1,-0.2,-0.3,10.0,20.0,30.0,next_open,time_stop_10_sessions_close
DSS-BO-001-00026,FOUR,2024-06-07,2024-06-10,2024-06-25,71.26,70.38,10,-1.2349143979792476,-1.3349143979792477,-1.4349143979792476,-1.5349143979792474,10.0,20.0,30.0,next_open,time_stop_10_sessions_close
DSS-BO-001-00027,AVGO,2024-06-11,2024-06-12,2024-06-27,146.67,155.74,10,6.183950364764446,6.083950364764446,5.983950364764445,5.883950364764445,10.0,20.0,30.0,next_open,time_stop_10_sessions_close
DSS-BO-001-00028,MSFT,2024-06-17,2024-06-18,2024-07-03,442.76,453.64,10,2.4573132170927714,2.3573132170927713,2.257313217092771,2.1573132170927716,10.0,20.0,30.0,next_open,time_stop_10_sessions_close
DSS-BO-001-00029,AMZN,2024-06-21,2024-06-24,2024-07-09,189.36,199.34,10,5.270384452893961,5.170384452893961,5.070384452893961,4.970384452893962,10.0,20.0,30.0,next_open,time_stop_10_sessions_close
DSS-BO-001-00030,GOOG,2024-06-25,2024-06-26,2024-07-11,182.8,185.87,10,1.6794310722100692,1.579431072210069,1.4794310722100692,1.3794310722100693,10.0,20.0,30.0,next_open,time_stop_10_sessions_close
DSS-BO-001-00031,GOOGL,2024-06-25,2024-06-26,2024-07-11,181.27,184.15,10,1.5887902024604106,1.4887902024604105,1.3887902024604106,1.2887902024604108,10.0,20.0,30.0,next_open,time_stop_10_sessions_close
DSS-BO-001-00032,APPF,2024-06-27,2024-06-28,2024-07-15,250.0,261.36,10,4.544000000000015,4.444000000000015,4.3440000000000145,4.244000000000014,10.0,20.0,30.0,next_open,time_stop_10_sessions_close
DSS-BO-001-00033,META,2024-06-27,2024-06-28,2024-07-15,513.7,492.85,10,-4.058789176562206,-4.158789176562205,-4.258789176562205,-4.3587891765622055,10.0,20.0,30.0,next_open,time_stop_10_sessions_close
DSS-BO-001-00034,AX,2024-06-28,2024-07-01,2024-07-16,57.2,70.81,10,23.793706293706297,23.693706293706295,23.593706293706298,23.493706293706296,10.0,20.0,30.0,next_open,time_stop_10_sessions_close
DSS-BO-001-00035,CRDO,2024-06-28,2024-07-01,2024-07-16,31.24,33.83,10,8.290653008962877,8.190653008962878,8.090653008962878,7.9906530089628784,10.0,20.0,30.0,next_open,time_stop_10_sessions_close
DSS-BO-001-00036,MNDY,2024-06-28,2024-07-01,2024-07-16,239.75,237.16,10,-1.0802919708029157,-1.1802919708029158,-1.2802919708029157,-1.3802919708029155,10.0,20.0,30.0,next_open,time_stop_10_sessions_close
DSS-BO-001-00037,CALM,2024-07-01,2024-07-02,2024-07-17,55.39,57.98,10,4.675934284166816,4.5759342841668165,4.475934284166816,4.375934284166815,10.0,20.0,30.0,next_open,time_stop_10_sessions_close
DSS-BO-001-00038,TSLA,2024-07-01,2024-07-02,2024-07-17,218.82,248.5,10,13.563659628918746,13.463659628918744,13.363659628918745,13.263659628918745,10.0,20.0,30.0,next_open,time_stop_10_sessions_close
DSS-BO-001-00039,ZETA,2024-07-01,2024-07-02,2024-07-17,18.1,20.27,10,11.988950276243093,11.888950276243094,11.788950276243092,11.688950276243093,10.0,20.0,30.0,next_open,time_stop_10_sessions_close
DSS-BO-001-00040,CVLT,2024-07-02,2024-07-03,2024-07-18,126.15,121.18,10,-3.939754260800632,-4.039754260800632,-4.139754260800633,-4.239754260800632,10.0,20.0,30.0,next_open,time_stop_10_sessions_close
DSS-BO-001-00041,ALGM,2024-07-03,2024-07-05,2024-07-19,30.88,28.79,10,-6.768134715025909,-6.868134715025908,-6.968134715025909,-7.068134715025909,10.0,20.0,30.0,next_open,time_stop_10_sessions_close
DSS-BO-001-00042,MSFT,2024-07-05,2024-07-08,2024-07-22,459.47,436.09,10,-5.088471499771485,-5.188471499771485,-5.288471499771486,-5.3884714997714855,10.0,20.0,30.0,next_open,time_stop_10_sessions_close
DSS-BO-001-00043,AMBA,2024-07-08,2024-07-09,2024-07-23,61.22,57.77,10,-5.635413263639322,-5.735413263639321,-5.835413263639322,-5.935413263639322,10.0,20.0,30.0,next_open,time_stop_10_sessions_close
DSS-BO-001-00044,FRPT,2024-07-08,2024-07-09,2024-07-23,135.5,120.01,10,-11.431734317343167,-11.531734317343167,-11.631734317343167,-11.731734317343168,10.0,20.0,30.0,next_open,time_stop_10_sessions_close
DSS-BO-001-00045,SKYW,2024-07-08,2024-07-09,2024-07-23,83.86,86.25,10,2.8499880753636964,2.7499880753636963,2.649988075363696,2.5499880753636965,10.0,20.0,30.0,next_open,time_stop_10_sessions_close
DSS-BO-001-00046,SOUN,2024-07-10,2024-07-11,2024-07-25,5.515,4.83,10,-12.420670897552121,-12.520670897552122,-12.620670897552122,-12.720670897552122,10.0,20.0,30.0,next_open,time_stop_10_sessions_close
DSS-BO-001-00047,ARWR,2024-07-11,2024-07-12,2024-07-26,28.75,28.19,10,-1.9478260869565167,-2.047826086956517,-2.147826086956517,-2.2478260869565165,10.0,20.0,30.0,next_open,time_stop_10_sessions_close
DSS-BO-001-00048,OLLI,2024-07-11,2024-07-12,2024-07-26,101.93,96.0,10,-5.8177180417933965,-5.917718041793396,-6.017718041793396,-6.117718041793396,10.0,20.0,30.0,next_open,time_stop_10_sessions_close
DSS-BO-001-00049,AAON,2024-07-15,2024-07-16,2024-07-30,91.33,85.88,10,-5.967371071936933,-6.067371071936933,-6.167371071936934,-6.2673710719369335,10.0,20.0,30.0,next_open,time_stop_10_sessions_close
DSS-BO-001-00050,UPST,2024-07-15,2024-07-16,2024-07-30,30.22,26.03,10,-13.864990072799465,-13.964990072799466,-14.064990072799466,-14.164990072799466,10.0,20.0,30.0,next_open,time_stop_10_sessions_close
DSS-BO-001-00051,FN,2024-07-16,2024-07-17,2024-07-31,259.49,220.56,10,-15.002504913484149,-15.10250491348415,-15.20250491348415,-15.30250491348415,10.0,20.0,30.0,next_open,time_stop_10_sessions_close
DSS-BO-001-00052,GH,2024-07-16,2024-07-17,2024-07-31,33.02,35.13,10,6.390066626287094,6.290066626287095,6.190066626287094,6.0900666262870935,10.0,20.0,30.0,next_open,time_stop_10_sessions_close
DSS-BO-001-00053,IOVA,2024-07-16,2024-07-17,2024-07-31,9.23,8.73,10,-5.417118093174434,-5.5171180931744335,-5.617118093174433,-5.717118093174434,10.0,20.0,30.0,next_open,time_stop_10_sessions_close
DSS-BO-001-00054,APPF,2024-07-22,2024-07-23,2024-08-06,270.0,208.09,10,-22.929629629629634,-23.029629629629632,-23.129629629629633,-23.229629629629635,10.0,20.0,30.0,next_open,time_stop_10_sessions_close
DSS-BO-001-00055,TMDX,2024-07-23,2024-07-24,2024-08-07,153.53,145.85,10,-5.0022796847521755,-5.102279684752176,-5.202279684752176,-5.302279684752175,10.0,20.0,30.0,next_open,time_stop_10_sessions_close
DSS-BO-001-00056,PRVA,2024-07-30,2024-07-31,2024-08-14,20.99,19.28,10,-8.146736541210087,-8.246736541210087,-8.346736541210086,-8.446736541210086,10.0,20.0,30.0,next_open,time_stop_10_sessions_close
DSS-BO-001-00057,CRDO,2024-08-21,2024-08-22,2024-09-06,36.16,24.38,10,-32.57743362831857,-32.677433628318575,-32.777433628318576,-32.87743362831858,10.0,20.0,30.0,next_open,time_stop_10_sessions_close
DSS-BO-001-00058,AAON,2024-08-23,2024-08-26,2024-09-10,94.22,87.64,10,-6.983655274888556,-7.083655274888557,-7.183655274888556,-7.283655274888556,10.0,20.0,30.0,next_open,time_stop_10_sessions_close
DSS-BO-001-00059,ENPH,2024-08-23,2024-08-26,2024-09-10,125.0,104.61,10,-16.312000000000005,-16.412000000000006,-16.512000000000004,-16.612000000000005,10.0,20.0,30.0,next_open,time_stop_10_sessions_close
DSS-BO-001-00060,WING,2024-08-23,2024-08-26,2024-09-10,397.72,376.54,10,-5.325354520768377,-5.425354520768377,-5.525354520768378,-5.6253545207683775,10.0,20.0,30.0,next_open,time_stop_10_sessions_close
DSS-BO-001-00061,ZETA,2024-08-30,2024-09-03,2024-09-17,26.45,27.44,10,3.7429111531191106,3.6429111531191105,3.5429111531191104,3.4429111531191103,10.0,20.0,30.0,next_open,time_stop_10_sessions_close
DSS-BO-001-00062,INSP,2024-09-09,2024-09-10,2024-09-24,211.0,207.73,10,-1.5497630331753554,-1.6497630331753554,-1.7497630331753555,-1.8497630331753552,10.0,20.0,30.0,next_open,time_stop_10_sessions_close
DSS-BO-001-00063,SKYW,2024-09-13,2024-09-16,2024-09-30,78.39,85.02,10,8.457711442786064,8.357711442786064,8.257711442786064,8.157711442786065,10.0,20.0,30.0,next_open,time_stop_10_sessions_close
DSS-BO-001-00064,WING,2024-09-17,2024-09-18,2024-10-02,412.17,419.18,10,1.70075454302836,1.6007545430283598,1.50075454302836,1.40075454302836,10.0,20.0,30.0,next_open,time_stop_10_sessions_close
DSS-BO-001-00065,AAON,2024-09-19,2024-09-20,2024-10-04,101.37,106.94,10,5.494722304429311,5.394722304429312,5.294722304429311,5.194722304429311,10.0,20.0,30.0,next_open,time_stop_10_sessions_close
DSS-BO-001-00066,CALM,2024-09-19,2024-09-20,2024-10-04,65.72,75.55,10,14.957395009129648,14.857395009129648,14.757395009129649,14.657395009129647,10.0,20.0,30.0,next_open,time_stop_10_sessions_close
DSS-BO-001-00067,FOUR,2024-09-19,2024-09-20,2024-10-04,86.4,91.55,10,5.96064814814814,5.86064814814814,5.76064814814814,5.660648148148139,10.0,20.0,30.0,next_open,time_stop_10_sessions_close
DSS-BO-001-00068,MNDY,2024-09-19,2024-09-20,2024-10-04,273.15,277.59,10,1.6254805052169141,1.525480505216914,1.4254805052169142,1.3254805052169143,10.0,20.0,30.0,next_open,time_stop_10_sessions_close
DSS-BO-001-00069,OLLI,2024-09-23,2024-09-24,2024-10-08,101.72,94.48,10,-7.117577664176167,-7.217577664176167,-7.3175776641761665,-7.417577664176167,10.0,20.0,30.0,next_open,time_stop_10_sessions_close
DSS-BO-001-00070,APPF,2024-09-24,2024-09-25,2024-10-09,239.63,225.16,10,-6.038475983808366,-6.138475983808367,-6.238475983808367,-6.338475983808367,10.0,20.0,30.0,next_open,time_stop_10_sessions_close
DSS-BO-001-00071,TSLA,2024-09-24,2024-09-25,2024-10-09,252.55,241.05,10,-4.553553751732331,-4.653553751732331,-4.753553751732332,-4.853553751732331,10.0,20.0,30.0,next_open,time_stop_10_sessions_close
DSS-BO-001-00072,HIMS,2024-09-26,2024-09-27,2024-10-11,17.81,18.69,10,4.941044357102764,4.8410443571027635,4.741044357102764,4.641044357102764,10.0,20.0,30.0,next_open,time_stop_10_sessions_close
DSS-BO-001-00073,AEO,2024-09-27,2024-09-30,2024-10-14,20.76,19.67,10,-5.250481695568398,-5.350481695568399,-5.450481695568399,-5.550481695568399,10.0,20.0,30.0,next_open,time_stop_10_sessions_close
DSS-BO-001-00074,GOOG,2024-09-30,2024-10-01,2024-10-15,167.8,165.85,10,-1.1620977353992923,-1.2620977353992924,-1.3620977353992922,-1.462097735399292,10.0,20.0,30.0,next_open,time_stop_10_sessions_close
DSS-BO-001-00075,GOOGL,2024-09-30,2024-10-01,2024-10-15,166.61,164.41,10,-1.3204489526439045,-1.4204489526439046,-1.5204489526439044,-1.6204489526439043,10.0,20.0,30.0,next_open,time_stop_10_sessions_close
DSS-BO-001-00076,CRDO,2024-10-04,2024-10-07,2024-10-21,32.33,39.93,10,23.507578100835147,23.407578100835146,23.307578100835148,23.207578100835146,10.0,20.0,30.0,next_open,time_stop_10_sessions_close
DSS-BO-001-00077,FN,2024-10-04,2024-10-07,2024-10-21,240.26,248.5,10,3.429617913926575,3.3296179139265747,3.2296179139265746,3.1296179139265745,10.0,20.0,30.0,next_open,time_stop_10_sessions_close
DSS-BO-001-00078,META,2024-10-04,2024-10-07,2024-10-21,594.8,571.87,10,-3.8550773369199653,-3.9550773369199654,-4.0550773369199655,-4.155077336919966,10.0,20.0,30.0,next_open,time_stop_10_sessions_close
DSS-BO-001-00079,NVDA,2024-10-07,2024-10-08,2024-10-22,130.04,143.37,10,10.2506920947401,10.1506920947401,10.0506920947401,9.950692094740099,10.0,20.0,30.0,next_open,time_stop_10_sessions_close
DSS-BO-001-00080,AVGO,2024-10-08,2024-10-09,2024-10-23,176.46,170.87,10,-3.167856738070951,-3.267856738070951,-3.367856738070951,-3.4678567380709513,10.0,20.0,30.0,next_open,time_stop_10_sessions_close
DSS-BO-001-00081,CVLT,2024-10-08,2024-10-09,2024-10-23,159.51,132.26,10,-17.0835684283117,-17.183568428311702,-17.283568428311703,-17.3835684283117,10.0,20.0,30.0,next_open,time_stop_10_sessions_close
DSS-BO-001-00082,SG,2024-10-08,2024-10-09,2024-10-23,38.57,36.89,10,-4.355716878402904,-4.455716878402905,-4.5557168784029045,-4.655716878402904,10.0,20.0,30.0,next_open,time_stop_10_sessions_close
DSS-BO-001-00083,SKYW,2024-10-08,2024-10-09,2024-10-23,87.16,93.32,10,7.0674621385956815,6.967462138595682,6.867462138595681,6.767462138595681,10.0,20.0,30.0,next_open,time_stop_10_sessions_close
DSS-BO-001-00084,UPST,2024-10-08,2024-10-09,2024-10-23,42.97,49.75,10,15.778450081452178,15.678450081452178,15.578450081452178,15.478450081452177,10.0,20.0,30.0,next_open,time_stop_10_sessions_close
DSS-BO-001-00085,FOUR,2024-10-09,2024-10-10,2024-10-24,92.39,93.74,10,1.4611970992531642,1.3611970992531641,1.2611970992531643,1.1611970992531644,10.0,20.0,30.0,next_open,time_stop_10_sessions_close
DSS-BO-001-00086,AAON,2024-10-11,2024-10-14,2024-10-28,112.06,120.47,10,7.504908084954476,7.404908084954476,7.304908084954476,7.204908084954475,10.0,20.0,30.0,next_open,time_stop_10_sessions_close
DSS-BO-001-00087,AMBA,2024-10-11,2024-10-14,2024-10-28,60.17,59.33,10,-1.3960445404686772,-1.4960445404686773,-1.5960445404686774,-1.696044540468677,10.0,20.0,30.0,next_open,time_stop_10_sessions_close
DSS-BO-001-00088,MNDY,2024-10-11,2024-10-14,2024-10-28,291.89,297.35,10,1.8705676796053394,1.7705676796053393,1.6705676796053393,1.5705676796053396,10.0,20.0,30.0,next_open,time_stop_10_sessions_close
DSS-BO-001-00089,CARG,2024-10-14,2024-10-15,2024-10-29,31.15,31.45,10,0.9630818619582593,0.8630818619582592,0.7630818619582593,0.6630818619582592,10.0,20.0,30.0,next_open,time_stop_10_sessions_close
DSS-BO-001-00090,SOUN,2024-10-14,2024-10-15,2024-10-29,5.28,6.01,10,13.825757575757569,13.72575757575757,13.625757575757568,13.525757575757568,10.0,20.0,30.0,next_open,time_stop_10_sessions_close
DSS-BO-001-00091,AAPL,2024-10-15,2024-10-16,2024-10-30,229.99,228.39,10,-0.6956824209748302,-0.7956824209748303,-0.8956824209748302,-0.9956824209748302,10.0,20.0,30.0,next_open,time_stop_10_sessions_close
DSS-BO-001-00092,TSLA,2024-10-25,2024-10-28,2024-11-11,269.95,350.0,10,29.653639562882027,29.55363956288203,29.453639562882028,29.353639562882027,10.0,20.0,30.0,next_open,time_stop_10_sessions_close
DSS-BO-001-00093,FUBO,2024-10-28,2024-10-29,2024-11-12,21.7201,18.2401,10,-16.02202568128138,-16.122025681281382,-16.222025681281384,-16.32202568128138,10.0,20.0,30.0,next_open,time_stop_10_sessions_close
DSS-BO-001-00094,AMBA,2024-10-29,2024-10-30,2024-11-13,60.14,58.22,10,-3.1925507149983434,-3.2925507149983435,-3.3925507149983436,-3.4925507149983437,10.0,20.0,30.0,next_open,time_stop_10_sessions_close
DSS-BO-001-00095,GOOGL,2024-10-29,2024-10-30,2024-11-13,179.6,177.75,10,-1.030066815144759,-1.130066815144759,-1.230066815144759,-1.3300668151447588,10.0,20.0,30.0,next_open,time_stop_10_sessions_close
DSS-BO-001-00096,AMZN,2024-10-30,2024-10-31,2024-11-14,190.62,211.48,10,10.943237855419152,10.843237855419153,10.743237855419153,10.643237855419152,10.0,20.0,30.0,next_open,time_stop_10_sessions_close
DSS-BO-001-00097,GOOG,2024-10-30,2024-10-31,2024-11-14,173.63,176.23,10,1.4974370788458202,1.3974370788458201,1.2974370788458203,1.1974370788458204,10.0,20.0,30.0,next_open,time_stop_10_sessions_close
DSS-BO-001-00098,SKYW,2024-11-01,2024-11-04,2024-11-18,100.55,109.5,10,8.901044256588776,8.801044256588774,8.701044256588775,8.601044256588775,10.0,20.0,30.0,next_open,time_stop_10_sessions_close
DSS-BO-001-00099,FRPT,2024-11-04,2024-11-05,2024-11-19,152.82,156.38,10,2.3295380185839543,2.229538018583954,2.129538018583954,2.0295380185839544,10.0,20.0,30.0,next_open,time_stop_10_sessions_close
DSS-BO-001-00100,IOVA,2024-11-04,2024-11-05,2024-11-19,11.35,8.19,10,-27.84140969162996,-27.94140969162996,-28.04140969162996,-28.14140969162996,10.0,20.0,30.0,next_open,time_stop_10_sessions_close
DSS-BO-001-00101,PRVA,2024-11-04,2024-11-05,2024-11-19,19.0,21.11,10,11.10526315789473,11.00526315789473,10.90526315789473,10.805263157894728,10.0,20.0,30.0,next_open,time_stop_10_sessions_close
DSS-BO-001-00102,CARG,2024-11-06,2024-11-07,2024-11-21,32.94,35.73,10,8.469945355191255,8.369945355191255,8.269945355191254,8.169945355191254,10.0,20.0,30.0,next_open,time_stop_10_sessions_close
DSS-BO-001-00103,CRDO,2024-11-06,2024-11-07,2024-11-21,45.19,46.28,10,2.4120380615180403,2.3120380615180403,2.21203806151804,2.1120380615180405,10.0,20.0,30.0,next_open,time_stop_10_sessions_close
DSS-BO-001-00104,FOUR,2024-11-06,2024-11-07,2024-11-21,97.5,109.28,10,12.082051282051287,11.982051282051287,11.882051282051286,11.782051282051286,10.0,20.0,30.0,next_open,time_stop_10_sessions_close
DSS-BO-001-00105,GH,2024-11-06,2024-11-07,2024-11-21,32.39,30.98,10,-4.3531954306884835,-4.453195430688483,-4.553195430688484,-4.653195430688484,10.0,20.0,30.0,next_open,time_stop_10_sessions_close
DSS-BO-001-00106,MNDY,2024-11-06,2024-11-07,2024-11-21,316.03,276.26,10,-12.584248330854663,-12.684248330854665,-12.784248330854664,-12.884248330854664,10.0,20.0,30.0,next_open,time_stop_10_sessions_close
DSS-BO-001-00107,NVDA,2024-11-06,2024-11-07,2024-11-21,146.16,146.44,10,0.19157088122605526,0.09157088122605525,-0.008429118773944748,-0.10842911877394475,10.0,20.0,30.0,next_open,time_stop_10_sessions_close
DSS-BO-001-00108,SG,2024-11-06,2024-11-07,2024-11-21,42.29,41.25,10,-2.459210215180896,-2.559210215180896,-2.659210215180896,-2.7592102151808957,10.0,20.0,30.0,next_open,time_stop_10_sessions_close
DSS-BO-001-00109,BROS,2024-11-07,2024-11-08,2024-11-22,44.03,51.2,10,16.284351578469234,16.184351578469236,16.084351578469235,15.984351578469235,10.0,20.0,30.0,next_open,time_stop_10_sessions_close
DSS-BO-001-00110,COST,2024-11-07,2024-11-08,2024-11-22,906.7,956.31,10,5.471490018749292,5.3714900187492916,5.271490018749292,5.171490018749292,10.0,20.0,30.0,next_open,time_stop_10_sessions_close
DSS-BO-001-00111,OLLI,2024-11-07,2024-11-08,2024-11-22,99.09,94.61,10,-4.521142395801803,-4.621142395801803,-4.721142395801802,-4.821142395801803,10.0,20.0,30.0,next_open,time_stop_10_sessions_close
DSS-BO-001-00112,UPST,2024-11-08,2024-11-11,2024-11-25,79.21,79.52,10,0.3913647266759357,0.2913647266759357,0.19136472667593568,0.09136472667593569,10.0,20.0,30.0,next_open,time_stop_10_sessions_close
DSS-BO-001-00113,ZETA,2024-11-11,2024-11-12,2024-11-26,33.3,20.04,10,-39.81981981981981,-39.919819819819814,-40.019819819819816,-40.11981981981981,10.0,20.0,30.0,next_open,time_stop_10_sessions_close
DSS-BO-001-00114,AMBA,2024-11-22,2024-11-25,2024-12-10,64.5,72.22,10,11.968992248062005,11.868992248062005,11.768992248062006,11.668992248062004,10.0,20.0,30.0,next_open,time_stop_10_sessions_close
DSS-BO-001-00115,APPF,2024-11-22,2024-11-25,2024-12-10,245.31,256.61,10,4.606416371122268,4.506416371122269,4.406416371122268,4.306416371122268,10.0,20.0,30.0,next_open,time_stop_10_sessions_close
DSS-BO-001-00116,LRN,2024-11-25,2024-11-26,2024-12-11,105.57,106.23,10,0.6251776072748072,0.5251776072748072,0.4251776072748072,0.3251776072748072,10.0,20.0,30.0,next_open,time_stop_10_sessions_close
DSS-BO-001-00117,AAPL,2024-11-26,2024-11-27,2024-12-12,232.95,246.39,10,5.7694784288473855,5.669478428847386,5.569478428847385,5.469478428847385,10.0,20.0,30.0,next_open,time_stop_10_sessions_close
DSS-BO-001-00118,COST,2024-12-03,2024-12-04,2024-12-18,974.16,957.03,10,-1.758438038925847,-1.858438038925847,-1.9584380389258471,-2.0584380389258468,10.0,20.0,30.0,next_open,time_stop_10_sessions_close
DSS-BO-001-00119,CARG,2024-12-04,2024-12-05,2024-12-19,38.92,36.08,10,-7.29701952723536,-7.39701952723536,-7.49701952723536,-7.597019527235361,10.0,20.0,30.0,next_open,time_stop_10_sessions_close
DSS-BO-001-00120,GH,2024-12-04,2024-12-05,2024-12-19,37.89,31.13,10,-17.841119028767494,-17.941119028767496,-18.041119028767493,-18.141119028767495,10.0,20.0,30.0,next_open,time_stop_10_sessions_close
DSS-BO-001-00121,TSLA,2024-12-05,2024-12-06,2024-12-20,377.47,421.06,10,11.54793758444379,11.44793758444379,11.347937584443791,11.24793758444379,10.0,20.0,30.0,next_open,time_stop_10_sessions_close
DSS-BO-001-00122,AMZN,2024-12-11,2024-12-12,2024-12-27,229.59,223.75,10,-2.543664793762801,-2.643664793762801,-2.743664793762801,-2.843664793762801,10.0,20.0,30.0,next_open,time_stop_10_sessions_close
DSS-BO-001-00123,AVGO,2024-12-11,2024-12-12,2024-12-27,178.17,238.71,10,33.978784307122424,33.87878430712242,33.77878430712242,33.67878430712242,10.0,20.0,30.0,next_open,time_stop_10_sessions_close
DSS-BO-001-00124,AAPL,2024-12-16,2024-12-17,2025-01-02,248.6,242.3,10,-2.5341914722445624,-2.6341914722445625,-2.7341914722445626,-2.8341914722445622,10.0,20.0,30.0,next_open,time_stop_10_sessions_close
DSS-BO-001-00125,INSP,2025-01-03,2025-01-06,2025-01-22,201.35,189.05,10,-6.108765830643148,-6.208765830643149,-6.308765830643148,-6.408765830643148,10.0,20.0,30.0,next_open,time_stop_10_sessions_close
DSS-BO-001-00126,FUBO,2025-01-06,2025-01-07,2025-01-23,65.1603,47.8802,10,-26.51936838842056,-26.61936838842056,-26.719368388420563,-26.81936838842056,10.0,20.0,30.0,next_open,time_stop_10_sessions_close
DSS-BO-001-00127,NVDA,2025-01-06,2025-01-07,2025-01-23,152.79,147.0,10,-3.7895150206165296,-3.8895150206165297,-3.9895150206165297,-4.089515020616529,10.0,20.0,30.0,next_open,time_stop_10_sessions_close
DSS-BO-001-00128,NXT,2025-01-07,2025-01-08,2025-01-24,42.21,41.0,10,-2.8666192845297367,-2.9666192845297368,-3.066619284529737,-3.166619284529737,10.0,20.0,30.0,next_open,time_stop_10_sessions_close
DSS-BO-001-00129,GH,2025-01-13,2025-01-14,2025-01-29,38.18,47.65,10,24.8035620743845,24.7035620743845,24.6035620743845,24.5035620743845,10.0,20.0,30.0,next_open,time_stop_10_sessions_close
DSS-BO-001-00130,FRPT,2025-01-15,2025-01-16,2025-01-31,152.3,159.95,10,5.022980958634249,4.922980958634248,4.822980958634249,4.722980958634249,10.0,20.0,30.0,next_open,time_stop_10_sessions_close
DSS-BO-001-00131,FOUR,2025-01-17,2025-01-21,2025-02-04,115.0,118.17,10,2.7565217391304353,2.656521739130435,2.556521739130435,2.4565217391304355,10.0,20.0,30.0,next_open,time_stop_10_sessions_close
DSS-BO-001-00132,PRVA,2025-01-17,2025-01-21,2025-02-04,22.6,23.17,10,2.522123893805306,2.422123893805306,2.3221238938053057,2.222123893805306,10.0,20.0,30.0,next_open,time_stop_10_sessions_close
DSS-BO-001-00133,FN,2025-01-21,2025-01-22,2025-02-05,256.78,213.8,10,-16.738063712127104,-16.838063712127106,-16.938063712127104,-17.038063712127105,10.0,20.0,30.0,next_open,time_stop_10_sessions_close
DSS-BO-001-00134,AMZN,2025-01-22,2025-01-23,2025-02-06,233.51,238.83,10,2.278275020341747,2.1782750203417467,2.0782750203417466,1.978275020341747,10.0,20.0,30.0,next_open,time_stop_10_sessions_close
DSS-BO-001-00135,HIMS,2025-01-23,2025-01-24,2025-02-07,31.0,42.55,10,37.25806451612903,37.15806451612903,37.05806451612903,36.95806451612903,10.0,20.0,30.0,next_open,time_stop_10_sessions_close
DSS-BO-001-00136,COST,2025-01-27,2025-01-28,2025-02-11,954.15,1051.05,10,10.155635906304038,10.055635906304039,9.955635906304039,9.85563590630404,10.0,20.0,30.0,next_open,time_stop_10_sessions_close
DSS-BO-001-00137,DLO,2025-01-27,2025-01-28,2025-02-11,11.64,12.15,10,4.381443298969079,4.281443298969078,4.181443298969079,4.081443298969079,10.0,20.0,30.0,next_open,time_stop_10_sessions_close
DSS-BO-001-00138,BROS,2025-02-06,2025-02-07,2025-02-24,67.75,75.31,10,11.158671586715862,11.058671586715862,10.958671586715862,10.858671586715863,10.0,20.0,30.0,next_open,time_stop_10_sessions_close
DSS-BO-001-00139,PRVA,2025-02-10,2025-02-11,2025-02-26,23.63,24.06,10,1.8197206940330002,1.719720694033,1.619720694033,1.5197206940330004,10.0,20.0,30.0,next_open,time_stop_10_sessions_close
DSS-BO-001-00140,UPST,2025-02-12,2025-02-13,2025-02-28,87.65,66.67,10,-23.93610952652596,-24.036109526525962,-24.136109526525964,-24.23610952652596,10.0,20.0,30.0,next_open,time_stop_10_sessions_close
DSS-BO-001-00141,ACMR,2025-02-18,2025-02-19,2025-03-05,24.04,26.66,10,10.89850249584028,10.798502495840278,10.698502495840279,10.598502495840279,10.0,20.0,30.0,next_open,time_stop_10_sessions_close
DSS-BO-001-00142,DLO,2025-02-18,2025-02-19,2025-03-05,13.04,9.14,10,-29.907975460122692,-30.007975460122694,-30.107975460122695,-30.207975460122693,10.0,20.0,30.0,next_open,time_stop_10_sessions_close
DSS-BO-001-00143,FOUR,2025-02-18,2025-02-19,2025-03-05,115.0,94.63,10,-17.71304347826087,-17.81304347826087,-17.91304347826087,-18.01304347826087,10.0,20.0,30.0,next_open,time_stop_10_sessions_close
DSS-BO-001-00144,AVGO,2025-05-02,2025-05-05,2025-05-19,198.25,228.41,10,15.213114754098367,15.113114754098367,15.013114754098368,14.913114754098366,10.0,20.0,30.0,next_open,time_stop_10_sessions_close
DSS-BO-001-00145,CRDO,2025-05-02,2025-05-05,2025-05-19,47.41,61.96,10,30.689727905505173,30.58972790550517,30.48972790550517,30.389727905505172,10.0,20.0,30.0,next_open,time_stop_10_sessions_close
DSS-BO-001-00146,HIMS,2025-05-02,2025-05-05,2025-05-19,42.28,62.34,10,47.445600756859044,47.34560075685904,47.24560075685904,47.14560075685904,10.0,20.0,30.0,next_open,time_stop_10_sessions_close
DSS-BO-001-00147,AX,2025-05-08,2025-05-09,2025-05-23,69.25,69.58,10,0.4765342960288743,0.37653429602887434,0.2765342960288743,0.1765342960288743,10.0,20.0,30.0,next_open,time_stop_10_sessions_close
DSS-BO-001-00148,BROS,2025-05-08,2025-05-09,2025-05-23,64.56,67.89,10,5.157992565055758,5.057992565055757,4.957992565055758,4.857992565055758,10.0,20.0,30.0,next_open,time_stop_10_sessions_close
DSS-BO-001-00149,NXT,2025-05-08,2025-05-09,2025-05-23,45.0,56.05,10,24.555555555555554,24.455555555555552,24.355555555555554,24.255555555555553,10.0,20.0,30.0,next_open,time_stop_10_sessions_close
DSS-BO-001-00150,PRVA,2025-05-08,2025-05-09,2025-05-23,25.03,22.86,10,-8.669596484218944,-8.769596484218944,-8.869596484218945,-8.969596484218945,10.0,20.0,30.0,next_open,time_stop_10_sessions_close
DSS-BO-001-00151,SEDG,2025-05-08,2025-05-09,2025-05-23,18.17,16.71,10,-8.035222894881677,-8.135222894881677,-8.235222894881677,-8.335222894881678,10.0,20.0,30.0,next_open,time_stop_10_sessions_close
DSS-BO-001-00152,TMDX,2025-05-09,2025-05-12,2025-05-27,114.32,128.53,10,12.430020993701895,12.330020993701895,12.230020993701896,12.130020993701896,10.0,20.0,30.0,next_open,time_stop_10_sessions_close
DSS-BO-001-00153,TSLA,2025-05-09,2025-05-12,2025-05-27,321.84,362.89,10,12.754784986328605,12.654784986328604,12.554784986328604,12.454784986328605,10.0,20.0,30.0,next_open,time_stop_10_sessions_close
DSS-BO-001-00154,AAON,2025-05-12,2025-05-13,2025-05-28,103.8,96.62,10,-6.917148362235059,-7.0171483622350594,-7.11714836223506,-7.21714836223506,10.0,20.0,30.0,next_open,time_stop_10_sessions_close
DSS-BO-001-00155,PATH,2025-05-12,2025-05-13,2025-05-28,13.08,12.94,10,-1.0703363914373099,-1.17033639143731,-1.2703363914373098,-1.3703363914373097,10.0,20.0,30.0,next_open,time_stop_10_sessions_close
DSS-BO-001-00156,SOUN,2025-05-12,2025-05-13,2025-05-28,11.13,10.97,10,-1.4375561545372895,-1.5375561545372896,-1.6375561545372896,-1.7375561545372893,10.0,20.0,30.0,next_open,time_stop_10_sessions_close
DSS-BO-001-00157,AMBA,2025-05-13,2025-05-14,2025-05-29,60.88,62.0,10,1.8396846254927768,1.7396846254927767,1.6396846254927766,1.539684625492777,10.0,20.0,30.0,next_open,time_stop_10_sessions_close
DSS-BO-001-00158,DLO,2025-05-13,2025-05-14,2025-05-29,9.26,10.63,10,14.794816414686828,14.694816414686828,14.594816414686829,14.494816414686829,10.0,20.0,30.0,next_open,time_stop_10_sessions_close
DSS-BO-001-00159,FN,2025-05-13,2025-05-14,2025-05-29,227.98,234.86,10,3.0178085796999765,2.9178085796999764,2.8178085796999763,2.7178085796999767,10.0,20.0,30.0,next_open,time_stop_10_sessions_close
DSS-BO-001-00160,MNDY,2025-05-13,2025-05-14,2025-05-29,293.49,293.19,10,-0.10221813349688968,-0.2022181334968897,-0.3022181334968897,-0.4022181334968897,10.0,20.0,30.0,next_open,time_stop_10_sessions_close
DSS-BO-001-00161,NVDA,2025-05-13,2025-05-14,2025-05-29,133.02,139.0,10,4.495564576755373,4.395564576755373,4.295564576755373,4.195564576755373,10.0,20.0,30.0,next_open,time_stop_10_sessions_close
DSS-BO-001-00162,ALGM,2025-05-16,2025-05-19,2025-06-03,26.69,26.78,10,0.33720494567253123,0.23720494567253123,0.13720494567253122,0.03720494567253123,10.0,20.0,30.0,next_open,time_stop_10_sessions_close
DSS-BO-001-00163,CALM,2025-05-16,2025-05-19,2025-06-03,94.27,92.34,10,-2.0473109154556024,-2.1473109154556025,-2.2473109154556026,-2.347310915455602,10.0,20.0,30.0,next_open,time_stop_10_sessions_close
DSS-BO-001-00164,OLLI,2025-05-16,2025-05-19,2025-06-03,117.04,109.91,10,-6.091934381408071,-6.191934381408071,-6.291934381408071,-6.3919343814080705,10.0,20.0,30.0,next_open,time_stop_10_sessions_close
DSS-BO-001-00165,FUBO,2025-05-19,2025-05-20,2025-06-04,40.5602,43.0802,10,6.212987115448132,6.1129871154481314,6.012987115448132,5.912987115448132,10.0,20.0,30.0,next_open,time_stop_10_sessions_close
DSS-BO-001-00166,CRDO,2025-05-20,2025-05-21,2025-06-05,61.0,73.0,10,19.672131147540984,19.572131147540983,19.472131147540985,19.372131147540983,10.0,20.0,30.0,next_open,time_stop_10_sessions_close
DSS-BO-001-00167,MSFT,2025-05-27,2025-05-28,2025-06-11,457.45,468.87,10,2.496447699202098,2.3964476992020978,2.2964476992020977,2.196447699202098,10.0,20.0,30.0,next_open,time_stop_10_sessions_close
DSS-BO-001-00168,WING,2025-05-27,2025-05-28,2025-06-11,333.57,378.71,10,13.532392001678794,13.432392001678794,13.332392001678794,13.232392001678795,10.0,20.0,30.0,next_open,time_stop_10_sessions_close
DSS-BO-001-00169,AVGO,2025-05-28,2025-05-29,2025-06-12,243.34,253.61,10,4.2204323169228175,4.120432316922818,4.020432316922817,3.9204323169228172,10.0,20.0,30.0,next_open,time_stop_10_sessions_close
DSS-BO-001-00170,COST,2025-05-30,2025-06-02,2025-06-16,1028.48,978.85,10,-4.825567828251398,-4.925567828251398,-5.025567828251399,-5.125567828251398,10.0,20.0,30.0,next_open,time_stop_10_sessions_close
DSS-BO-001-00171,CVLT,2025-05-30,2025-06-02,2025-06-16,183.15,187.54,10,2.396942396942392,2.296942396942392,2.196942396942392,2.096942396942392,10.0,20.0,30.0,next_open,time_stop_10_sessions_close
DSS-BO-001-00172,FOUR,2025-05-30,2025-06-02,2025-06-16,94.5,91.48,10,-3.1957671957671963,-3.2957671957671963,-3.3957671957671964,-3.4957671957671965,10.0,20.0,30.0,next_open,time_stop_10_sessions_close
DSS-BO-001-00173,META,2025-06-02,2025-06-03,2025-06-17,668.76,694.95,10,3.9162031221963156,3.8162031221963155,3.7162031221963154,3.6162031221963153,10.0,20.0,30.0,next_open,time_stop_10_sessions_close
DSS-BO-001-00174,MNDY,2025-06-02,2025-06-03,2025-06-17,306.53,289.4,10,-5.588360030013373,-5.6883600300133725,-5.788360030013373,-5.888360030013374,10.0,20.0,30.0,next_open,time_stop_10_sessions_close
DSS-BO-001-00175,ALGM,2025-06-04,2025-06-05,2025-06-20,28.11,30.96,10,10.13874066168623,10.03874066168623,9.938740661686229,9.838740661686229,10.0,20.0,30.0,next_open,time_stop_10_sessions_close
DSS-BO-001-00176,GH,2025-06-04,2025-06-05,2025-06-20,47.84,49.14,10,2.717391304347827,2.617391304347827,2.517391304347827,2.4173913043478272,10.0,20.0,30.0,next_open,time_stop_10_sessions_close
DSS-BO-001-00177,TMDX,2025-06-05,2025-06-06,2025-06-23,137.11,127.53,10,-6.987090657136619,-7.087090657136619,-7.187090657136618,-7.287090657136619,10.0,20.0,30.0,next_open,time_stop_10_sessions_close
DSS-BO-001-00178,AMZN,2025-06-09,2025-06-10,2025-06-25,216.7,211.99,10,-2.1735117674203885,-2.2735117674203886,-2.3735117674203887,-2.4735117674203884,10.0,20.0,30.0,next_open,time_stop_10_sessions_close
DSS-BO-001-00179,UPST,2025-06-09,2025-06-10,2025-06-25,58.19,62.44,10,7.3036604227530555,7.203660422753055,7.103660422753055,7.003660422753056,10.0,20.0,30.0,next_open,time_stop_10_sessions_close
DSS-BO-001-00180,APPF,2025-06-10,2025-06-11,2025-06-26,230.15,229.29,10,-0.3736693460786533,-0.4736693460786533,-0.5736693460786533,-0.6736693460786534,10.0,20.0,30.0,next_open,time_stop_10_sessions_close
DSS-BO-001-00181,GOOG,2025-06-10,2025-06-11,2025-06-26,180.59,173.93,10,-3.6879118445096615,-3.7879118445096616,-3.8879118445096617,-3.9879118445096617,10.0,20.0,30.0,next_open,time_stop_10_sessions_close
DSS-BO-001-00182,GOOGL,2025-06-10,2025-06-11,2025-06-26,179.34,173.05,10,-3.5073045611687226,-3.6073045611687227,-3.7073045611687228,-3.807304561168723,10.0,20.0,30.0,next_open,time_stop_10_sessions_close
DSS-BO-001-00183,ACMR,2025-06-11,2025-06-12,2025-06-27,25.53,25.78,10,0.9792401096748948,0.8792401096748947,0.7792401096748949,0.6792401096748948,10.0,20.0,30.0,next_open,time_stop_10_sessions_close
DSS-BO-001-00184,FN,2025-06-12,2025-06-13,2025-06-30,248.94,294.68,10,18.37390535872099,18.273905358720988,18.173905358720987,18.07390535872099,10.0,20.0,30.0,next_open,time_stop_10_sessions_close
DSS-BO-001-00185,MSFT,2025-06-12,2025-06-13,2025-06-30,472.85,493.47,10,4.3607909485037455,4.260790948503745,4.160790948503745,4.060790948503746,10.0,20.0,30.0,next_open,time_stop_10_sessions_close
DSS-BO-001-00186,NVDA,2025-06-12,2025-06-13,2025-06-30,142.29,157.78,10,10.886218286597792,10.786218286597792,10.686218286597793,10.586218286597793,10.0,20.0,30.0,next_open,time_stop_10_sessions_close
DSS-BO-001-00187,SEDG,2025-06-13,2025-06-16,2025-07-01,23.85,21.86,10,-8.34381551362684,-8.44381551362684,-8.54381551362684,-8.64381551362684,10.0,20.0,30.0,next_open,time_stop_10_sessions_close
DSS-BO-001-00188,CALM,2025-06-18,2025-06-20,2025-07-07,98.82,96.12,10,-2.732240437158462,-2.832240437158462,-2.932240437158462,-3.0322404371584617,10.0,20.0,30.0,next_open,time_stop_10_sessions_close
DSS-BO-001-00189,CRDO,2025-06-18,2025-06-20,2025-07-07,86.65,92.73,10,7.016733987305246,6.916733987305246,6.816733987305246,6.716733987305245,10.0,20.0,30.0,next_open,time_stop_10_sessions_close
DSS-BO-001-00190,ALGM,2025-06-23,2025-06-24,2025-07-09,32.57,36.89,10,13.263739637703399,13.163739637703397,13.063739637703398,12.963739637703398,10.0,20.0,30.0,next_open,time_stop_10_sessions_close
DSS-BO-001-00191,AX,2025-06-23,2025-06-24,2025-07-09,75.38,84.37,10,11.926240382064224,11.826240382064224,11.726240382064223,11.626240382064223,10.0,20.0,30.0,next_open,time_stop_10_sessions_close
DSS-BO-001-00192,CARG,2025-06-24,2025-06-25,2025-07-10,33.33,34.68,10,4.050405040504046,3.950405040504046,3.8504050405040458,3.7504050405040457,10.0,20.0,30.0,next_open,time_stop_10_sessions_close
DSS-BO-001-00193,META,2025-06-24,2025-06-25,2025-07-10,710.99,724.86,10,1.9508009957945882,1.8508009957945881,1.750800995794588,1.6508009957945884,10.0,20.0,30.0,next_open,time_stop_10_sessions_close
DSS-BO-001-00194,AMBA,2025-06-25,2025-06-26,2025-07-11,65.8,66.88,10,1.6413373860182379,1.5413373860182378,1.441337386018238,1.341337386018238,10.0,20.0,30.0,next_open,time_stop_10_sessions_close
DSS-BO-001-00195,AVGO,2025-06-26,2025-06-27,2025-07-14,268.35,273.6,10,1.9564002235886058,1.8564002235886057,1.7564002235886056,1.656400223588606,10.0,20.0,30.0,next_open,time_stop_10_sessions_close
DSS-BO-001-00196,OLLI,2025-06-26,2025-06-27,2025-07-14,134.23,128.24,10,-4.462489756388277,-4.562489756388278,-4.662489756388277,-4.762489756388277,10.0,20.0,30.0,next_open,time_stop_10_sessions_close
DSS-BO-001-00197,AMZN,2025-06-27,2025-06-30,2025-07-15,223.35,226.35,10,1.3431833445265218,1.2431833445265217,1.1431833445265218,1.043183344526522,10.0,20.0,30.0,next_open,time_stop_10_sessions_close
DSS-BO-001-00198,FUBO,2025-06-30,2025-07-01,2025-07-16,46.2002,42.2402,10,-8.571391465837808,-8.671391465837807,-8.771391465837809,-8.871391465837808,10.0,20.0,30.0,next_open,time_stop_10_sessions_close
DSS-BO-001-00199,MNDY,2025-06-30,2025-07-01,2025-07-16,311.62,287.05,10,-7.884603042166738,-7.9846030421667376,-8.084603042166737,-8.184603042166739,10.0,20.0,30.0,next_open,time_stop_10_sessions_close
DSS-BO-001-00200,SOUN,2025-06-30,2025-07-01,2025-07-16,10.51,11.78,10,12.083729781160791,11.98372978116079,11.88372978116079,11.78372978116079,10.0,20.0,30.0,next_open,time_stop_10_sessions_close
DSS-BO-001-00201,UPST,2025-07-01,2025-07-02,2025-07-17,68.17,77.58,10,13.803725979169723,13.703725979169723,13.603725979169724,13.503725979169722,10.0,20.0,30.0,next_open,time_stop_10_sessions_close
DSS-BO-001-00202,ACMR,2025-07-02,2025-07-03,2025-07-18,27.65,30.08,10,8.788426763110312,8.688426763110312,8.588426763110313,8.488426763110313,10.0,20.0,30.0,next_open,time_stop_10_sessions_close
DSS-BO-001-00203,SKYW,2025-07-02,2025-07-03,2025-07-18,105.79,113.15,10,6.957179317515827,6.857179317515827,6.757179317515827,6.657179317515826,10.0,20.0,30.0,next_open,time_stop_10_sessions_close
DSS-BO-001-00204,APPF,2025-07-03,2025-07-07,2025-07-21,233.42,252.23,10,8.058435438265787,7.958435438265788,7.858435438265787,7.758435438265787,10.0,20.0,30.0,next_open,time_stop_10_sessions_close
DSS-BO-001-00205,FOUR,2025-07-03,2025-07-07,2025-07-21,101.1,105.86,10,4.708209693372911,4.6082096933729115,4.508209693372911,4.4082096933729105,10.0,20.0,30.0,next_open,time_stop_10_sessions_close
DSS-BO-001-00206,NVDA,2025-07-03,2025-07-07,2025-07-21,157.99,171.15,10,8.329641116526364,8.229641116526365,8.129641116526365,8.029641116526365,10.0,20.0,30.0,next_open,time_stop_10_sessions_close
DSS-BO-001-00207,ARWR,2025-07-09,2025-07-10,2025-07-24,18.98,16.26,10,-14.3308746048472,-14.4308746048472,-14.530874604847199,-14.6308746048472,10.0,20.0,30.0,next_open,time_stop_10_sessions_close
DSS-BO-001-00208,CRDO,2025-07-09,2025-07-10,2025-07-24,97.96,101.17,10,3.2768476929359025,3.1768476929359024,3.0768476929359023,2.9768476929359027,10.0,20.0,30.0,next_open,time_stop_10_sessions_close
DSS-BO-001-00209,MSFT,2025-07-09,2025-07-10,2025-07-24,499.06,506.83,10,1.5569270228028564,1.4569270228028564,1.3569270228028565,1.2569270228028566,10.0,20.0,30.0,next_open,time_stop_10_sessions_close
DSS-BO-001-00210,ALGM,2025-07-10,2025-07-11,2025-07-25,37.11,33.7,10,-9.188897871193735,-9.288897871193736,-9.388897871193736,-9.488897871193736,10.0,20.0,30.0,next_open,time_stop_10_sessions_close
DSS-BO-001-00211,GOOG,2025-07-14,2025-07-15,2025-07-29,183.38,195.87,10,6.810993565274304,6.710993565274304,6.6109935652743035,6.510993565274303,10.0,20.0,30.0,next_open,time_stop_10_sessions_close
DSS-BO-001-00212,GOOGL,2025-07-14,2025-07-15,2025-07-29,182.29,195.19,10,7.076636129244607,6.976636129244607,6.8766361292446065,6.776636129244606,10.0,20.0,30.0,next_open,time_stop_10_sessions_close
DSS-BO-001-00213,FN,2025-07-15,2025-07-16,2025-07-30,303.4,320.66,10,5.688859591298634,5.588859591298634,5.488859591298634,5.388859591298633,10.0,20.0,30.0,next_open,time_stop_10_sessions_close
DSS-BO-001-00214,AVGO,2025-07-17,2025-07-18,2025-08-01,285.05,286.54,10,0.5227153131029727,0.4227153131029727,0.3227153131029727,0.22271531310297268,10.0,20.0,30.0,next_open,time_stop_10_sessions_close
DSS-BO-001-00215,CALM,2025-07-17,2025-07-18,2025-08-01,101.5,102.5,10,0.9852216748768461,0.885221674876846,0.7852216748768461,0.685221674876846,10.0,20.0,30.0,next_open,time_stop_10_sessions_close
DSS-BO-001-00216,AMZN,2025-07-21,2025-07-22,2025-08-05,229.64,213.75,10,-6.919526214945126,-7.0195262149451265,-7.119526214945127,-7.219526214945127,10.0,20.0,30.0,next_open,time_stop_10_sessions_close
DSS-BO-001-00217,OLLI,2025-07-21,2025-07-22,2025-08-05,135.57,138.42,10,2.102235007745068,2.002235007745068,1.9022350077450678,1.8022350077450682,10.0,20.0,30.0,next_open,time_stop_10_sessions_close
DSS-BO-001-00218,RXRX,2025-07-21,2025-07-22,2025-08-05,6.52,5.53,10,-15.18404907975459,-15.284049079754592,-15.384049079754591,-15.484049079754591,10.0,20.0,30.0,next_open,time_stop_10_sessions_close
DSS-BO-001-00219,SEDG,2025-07-21,2025-07-22,2025-08-05,29.19,26.12,10,-10.517300445358002,-10.617300445358001,-10.717300445358003,-10.817300445358002,10.0,20.0,30.0,next_open,time_stop_10_sessions_close
DSS-BO-001-00220,APPF,2025-07-23,2025-07-24,2025-08-07,261.42,300.37,10,14.899395608599185,14.799395608599186,14.699395608599186,14.599395608599187,10.0,20.0,30.0,next_open,time_stop_10_sessions_close
DSS-BO-001-00221,HIMS,2025-07-23,2025-07-24,2025-08-07,57.6,51.05,10,-11.37152777777779,-11.47152777777779,-11.57152777777779,-11.67152777777779,10.0,20.0,30.0,next_open,time_stop_10_sessions_close
DSS-BO-001-00222,UPST,2025-07-23,2025-07-24,2025-08-07,83.52,69.53,10,-16.750478927203062,-16.85047892720306,-16.95047892720306,-17.05047892720306,10.0,20.0,30.0,next_open,time_stop_10_sessions_close
DSS-BO-001-00223,ACMR,2025-07-28,2025-07-29,2025-08-12,32.0,24.93,10,-22.09375,-22.19375,-22.293750000000003,-22.39375,10.0,20.0,30.0,next_open,time_stop_10_sessions_close
DSS-BO-001-00224,CRDO,2025-07-28,2025-07-29,2025-08-12,110.0,125.38,10,13.981818181818184,13.881818181818184,13.781818181818185,13.681818181818183,10.0,20.0,30.0,next_open,time_stop_10_sessions_close
DSS-BO-001-00225,NVDA,2025-07-28,2025-07-29,2025-08-12,177.76,182.92,10,2.9027902790279114,2.8027902790279113,2.7027902790279112,2.6027902790279116,10.0,20.0,30.0,next_open,time_stop_10_sessions_close
DSS-BO-001-00226,SKYW,2025-07-28,2025-07-29,2025-08-12,119.0,117.28,10,-1.4453781512605013,-1.5453781512605014,-1.6453781512605015,-1.745378151260501,10.0,20.0,30.0,next_open,time_stop_10_sessions_close
DSS-BO-001-00227,CVLT,2025-07-29,2025-07-30,2025-08-13,196.66,191.44,10,-2.6543272653310246,-2.7543272653310247,-2.8543272653310248,-2.9543272653310244,10.0,20.0,30.0,next_open,time_stop_10_sessions_close
DSS-BO-001-00228,META,2025-07-31,2025-08-01,2025-08-15,758.15,782.66,10,3.232869484930423,3.132869484930423,3.0328694849304227,2.932869484930423,10.0,20.0,30.0,next_open,time_stop_10_sessions_close
DSS-BO-001-00229,MSFT,2025-07-31,2025-08-01,2025-08-15,530.91,516.05,10,-2.79896780998663,-2.89896780998663,-2.99896780998663,-3.09896780998663,10.0,20.0,30.0,next_open,time_stop_10_sessions_close
DSS-BO-001-00230,LRN,2025-08-06,2025-08-07,2025-08-21,147.7,167.77,10,13.588354773188914,13.488354773188915,13.388354773188915,13.288354773188916,10.0,20.0,30.0,next_open,time_stop_10_sessions_close
DSS-BO-001-00231,ZETA,2025-08-06,2025-08-07,2025-08-21,20.63,18.29,10,-11.342704798836644,-11.442704798836644,-11.542704798836645,-11.642704798836645,10.0,20.0,30.0,next_open,time_stop_10_sessions_close
DSS-BO-001-00232,BROS,2025-08-07,2025-08-08,2025-08-22,69.56,65.52,10,-5.807935595169644,-5.907935595169644,-6.007935595169645,-6.107935595169645,10.0,20.0,30.0,next_open,time_stop_10_sessions_close
DSS-BO-001-00233,FN,2025-08-07,2025-08-08,2025-08-22,336.38,294.35,10,-12.494797550389436,-12.594797550389437,-12.694797550389437,-12.794797550389436,10.0,20.0,30.0,next_open,time_stop_10_sessions_close
DSS-BO-001-00234,AAPL,2025-08-08,2025-08-11,2025-08-25,227.29,226.52,10,-0.33877425315674836,-0.43877425315674834,-0.5387742531567483,-0.6387742531567484,10.0,20.0,30.0,next_open,time_stop_10_sessions_close
DSS-BO-001-00235,GOOG,2025-08-08,2025-08-11,2025-08-25,201.07,208.56,10,3.7250708708409963,3.625070870840996,3.525070870840996,3.425070870840996,10.0,20.0,30.0,next_open,time_stop_10_sessions_close
DSS-BO-001-00236,GOOGL,2025-08-08,2025-08-11,2025-08-25,200.37,207.9,10,3.7580476119179584,3.6580476119179584,3.5580476119179583,3.458047611917958,10.0,20.0,30.0,next_open,time_stop_10_sessions_close
DSS-BO-001-00237,COST,2025-08-11,2025-08-12,2025-08-26,984.33,937.37,10,-4.770757774323653,-4.870757774323653,-4.970757774323653,-5.070757774323653,10.0,20.0,30.0,next_open,time_stop_10_sessions_close
DSS-BO-001-00238,SOUN,2025-08-11,2025-08-12,2025-08-26,15.85,12.02,10,-24.164037854889585,-24.264037854889587,-24.364037854889588,-24.464037854889586,10.0,20.0,30.0,next_open,time_stop_10_sessions_close
DSS-BO-001-00239,TSLA,2025-08-11,2025-08-12,2025-08-26,345.19,351.67,10,1.8772270343868636,1.7772270343868635,1.6772270343868634,1.5772270343868637,10.0,20.0,30.0,next_open,time_stop_10_sessions_close
DSS-BO-001-00240,AVGO,2025-08-12,2025-08-13,2025-08-27,314.57,298.07,10,-5.245255428044637,-5.345255428044638,-5.4452554280446375,-5.545255428044637,10.0,20.0,30.0,next_open,time_stop_10_sessions_close
DSS-BO-001-00241,ARWR,2025-08-13,2025-08-14,2025-08-28,18.69,22.34,10,19.529159978598166,19.429159978598165,19.329159978598163,19.229159978598165,10.0,20.0,30.0,next_open,time_stop_10_sessions_close
DSS-BO-001-00242,AX,2025-08-13,2025-08-14,2025-08-28,88.5,91.35,10,3.22033898305083,3.12033898305083,3.02033898305083,2.92033898305083,10.0,20.0,30.0,next_open,time_stop_10_sessions_close
DSS-BO-001-00243,DLO,2025-08-13,2025-08-14,2025-08-28,13.41,14.32,10,6.785980611483966,6.685980611483966,6.585980611483966,6.485980611483965,10.0,20.0,30.0,next_open,time_stop_10_sessions_close
DSS-BO-001-00244,GH,2025-08-13,2025-08-14,2025-08-28,57.86,64.47,10,11.424127203594892,11.324127203594891,11.224127203594891,11.124127203594892,10.0,20.0,30.0,next_open,time_stop_10_sessions_close
DSS-BO-001-00245,CALM,2025-08-22,2025-08-25,2025-09-09,113.01,105.57,10,-6.583488186886122,-6.683488186886121,-6.783488186886122,-6.883488186886122,10.0,20.0,30.0,next_open,time_stop_10_sessions_close
DSS-BO-001-00246,SEDG,2025-08-22,2025-08-25,2025-09-09,33.49,30.04,10,-10.3015825619588,-10.4015825619588,-10.5015825619588,-10.6015825619588,10.0,20.0,30.0,next_open,time_stop_10_sessions_close
DSS-BO-001-00247,SKYW,2025-08-25,2025-08-26,2025-09-10,121.87,108.14,10,-11.266103224747681,-11.36610322474768,-11.46610322474768,-11.566103224747682,10.0,20.0,30.0,next_open,time_stop_10_sessions_close
DSS-BO-001-00248,CRDO,2025-08-28,2025-08-29,2025-09-15,130.95,163.98,10,25.2233676975945,25.1233676975945,25.0233676975945,24.9233676975945,10.0,20.0,30.0,next_open,time_stop_10_sessions_close
DSS-BO-001-00249,GOOG,2025-08-28,2025-08-29,2025-09-15,210.67,251.27,10,19.27184696444677,19.17184696444677,19.07184696444677,18.97184696444677,10.0,20.0,30.0,next_open,time_stop_10_sessions_close
DSS-BO-001-00250,GOOGL,2025-08-28,2025-08-29,2025-09-15,209.91,251.12,10,19.63222333380974,19.53222333380974,19.432223333809738,19.33222333380974,10.0,20.0,30.0,next_open,time_stop_10_sessions_close
DSS-BO-001-00251,AMBA,2025-08-29,2025-09-02,2025-09-16,79.53,79.14,10,-0.49038098830630483,-0.5903809883063048,-0.6903809883063048,-0.7903809883063048,10.0,20.0,30.0,next_open,time_stop_10_sessions_close
DSS-BO-001-00252,GH,2025-08-29,2025-09-02,2025-09-16,65.89,55.4,10,-15.920473516466839,-16.020473516466836,-16.120473516466838,-16.22047351646684,10.0,20.0,30.0,next_open,time_stop_10_sessions_close
DSS-BO-001-00253,PRVA,2025-08-29,2025-09-02,2025-09-16,22.8,22.32,10,-2.1052631578947434,-2.2052631578947435,-2.3052631578947436,-2.405263157894743,10.0,20.0,30.0,next_open,time_stop_10_sessions_close
DSS-BO-001-00254,ARWR,2025-09-02,2025-09-03,2025-09-17,25.75,29.13,10,13.126213592233004,13.026213592233004,12.926213592233005,12.826213592233005,10.0,20.0,30.0,next_open,time_stop_10_sessions_close
DSS-BO-001-00255,AAPL,2025-09-03,2025-09-04,2025-09-18,237.78,237.21,10,-0.2397173858188162,-0.33971738581881616,-0.4397173858188162,-0.5397173858188162,10.0,20.0,30.0,next_open,time_stop_10_sessions_close
DSS-BO-001-00256,CARG,2025-09-03,2025-09-04,2025-09-18,35.39,37.57,10,6.15993218423283,6.05993218423283,5.95993218423283,5.8599321842328305,10.0,20.0,30.0,next_open,time_stop_10_sessions_close
DSS-BO-001-00257,AEO,2025-09-04,2025-09-05,2025-09-19,18.5,18.5,10,0.0,-0.1,-0.2,-0.3,10.0,20.0,30.0,next_open,time_stop_10_sessions_close
DSS-BO-001-00258,AMZN,2025-09-04,2025-09-05,2025-09-19,235.08,231.48,10,-1.5313935681470214,-1.6313935681470215,-1.7313935681470216,-1.8313935681470213,10.0,20.0,30.0,next_open,time_stop_10_sessions_close
DSS-BO-001-00259,FUBO,2025-09-05,2025-09-08,2025-09-22,48.3002,54.7202,10,13.291870427037566,13.191870427037566,13.091870427037566,12.991870427037567,10.0,20.0,30.0,next_open,time_stop_10_sessions_close
DSS-BO-001-00260,HIMS,2025-09-11,2025-09-12,2025-09-26,51.03,58.4,10,14.442484812855172,14.342484812855172,14.24248481285517,14.142484812855171,10.0,20.0,30.0,next_open,time_stop_10_sessions_close
DSS-BO-001-00261,TSLA,2025-09-11,2025-09-12,2025-09-26,370.92,440.4,10,18.73180200582334,18.63180200582334,18.531802005823337,18.43180200582334,10.0,20.0,30.0,next_open,time_stop_10_sessions_close
DSS-BO-001-00262,ZETA,2025-09-11,2025-09-12,2025-09-26,20.8,20.52,10,-1.3461538461538525,-1.4461538461538526,-1.5461538461538524,-1.6461538461538523,10.0,20.0,30.0,next_open,time_stop_10_sessions_close
DSS-BO-001-00263,META,2025-09-16,2025-09-17,2025-10-01,777.45,715.48,10,-7.970930606469873,-8.070930606469872,-8.170930606469874,-8.270930606469873,10.0,20.0,30.0,next_open,time_stop_10_sessions_close
DSS-BO-001-00264,ACMR,2025-09-17,2025-09-18,2025-10-02,34.52,43.32,10,25.492468134414814,25.392468134414813,25.292468134414815,25.192468134414813,10.0,20.0,30.0,next_open,time_stop_10_sessions_close
DSS-BO-001-00265,CRDO,2025-09-18,2025-09-19,2025-10-03,172.84,143.87,10,-16.761166396667438,-16.861166396667436,-16.961166396667437,-17.06116639666744,10.0,20.0,30.0,next_open,time_stop_10_sessions_close
DSS-BO-001-00266,SOUN,2025-09-18,2025-09-19,2025-10-03,15.66,17.85,10,13.984674329501923,13.884674329501923,13.784674329501922,13.684674329501922,10.0,20.0,30.0,next_open,time_stop_10_sessions_close
DSS-BO-001-00267,AAPL,2025-09-19,2025-09-22,2025-10-06,247.6,255.97,10,3.380452342487894,3.280452342487894,3.180452342487894,3.0804523424878942,10.0,20.0,30.0,next_open,time_stop_10_sessions_close
DSS-BO-001-00268,NXT,2025-09-19,2025-09-22,2025-10-06,70.36,78.34,10,11.341671404206943,11.241671404206944,11.141671404206942,11.041671404206943,10.0,20.0,30.0,next_open,time_stop_10_sessions_close
DSS-BO-001-00269,SEDG,2025-09-22,2025-09-23,2025-10-07,39.0,35.55,10,-8.846153846153848,-8.946153846153848,-9.046153846153848,-9.146153846153847,10.0,20.0,30.0,next_open,time_stop_10_sessions_close
DSS-BO-001-00270,AAON,2025-09-23,2025-09-24,2025-10-08,94.15,102.14,10,8.486457780138078,8.386457780138079,8.286457780138079,8.18645778013808,10.0,20.0,30.0,next_open,time_stop_10_sessions_close
DSS-BO-001-00271,ARWR,2025-09-23,2025-09-24,2025-10-08,32.87,36.94,10,12.382111347733504,12.282111347733505,12.182111347733503,12.082111347733504,10.0,20.0,30.0,next_open,time_stop_10_sessions_close
DSS-BO-001-00272,PRVA,2025-09-26,2025-09-29,2025-10-13,24.0,24.14,10,0.5833333333333357,0.4833333333333357,0.3833333333333357,0.2833333333333357,10.0,20.0,30.0,next_open,time_stop_10_sessions_close
DSS-BO-001-00273,MSFT,2025-10-01,2025-10-02,2025-10-16,514.67,508.39,10,-1.220199351040463,-1.320199351040463,-1.420199351040463,-1.5201993510404628,10.0,20.0,30.0,next_open,time_stop_10_sessions_close
DSS-BO-001-00274,CARG,2025-10-02,2025-10-03,2025-10-17,38.43,34.92,10,-9.133489461358312,-9.233489461358314,-9.333489461358313,-9.433489461358313,10.0,20.0,30.0,next_open,time_stop_10_sessions_close
DSS-BO-001-00275,GH,2025-10-08,2025-10-09,2025-10-23,65.15,69.35,10,6.446661550268584,6.346661550268584,6.246661550268584,6.146661550268584,10.0,20.0,30.0,next_open,time_stop_10_sessions_close
DSS-BO-001-00276,RXRX,2025-10-08,2025-10-09,2025-10-23,6.15,5.73,10,-6.829268292682922,-6.929268292682922,-7.0292682926829215,-7.129268292682922,10.0,20.0,30.0,next_open,time_stop_10_sessions_close
DSS-BO-001-00277,NXT,2025-10-09,2025-10-10,2025-10-24,85.67,98.28,10,14.719271623672237,14.619271623672237,14.519271623672235,14.419271623672236,10.0,20.0,30.0,next_open,time_stop_10_sessions_close
DSS-BO-001-00278,HIMS,2025-10-15,2025-10-16,2025-10-30,62.12,44.06,10,-29.072762395363803,-29.172762395363804,-29.272762395363806,-29.372762395363804,10.0,20.0,30.0,next_open,time_stop_10_sessions_close
DSS-BO-001-00279,AAPL,2025-10-20,2025-10-21,2025-11-04,261.14,269.28,10,3.117101937657951,3.017101937657951,2.917101937657951,2.8171019376579514,10.0,20.0,30.0,next_open,time_stop_10_sessions_close
DSS-BO-001-00280,PRVA,2025-10-20,2025-10-21,2025-11-04,26.26,24.69,10,-5.978674790555982,-6.078674790555983,-6.1786747905559825,-6.278674790555982,10.0,20.0,30.0,next_open,time_stop_10_sessions_close
DSS-BO-001-00281,GH,2025-10-24,2025-10-27,2025-11-10,72.56,97.92,10,34.95038588754134,34.850385887541336,34.750385887541334,34.65038588754133,10.0,20.0,30.0,next_open,time_stop_10_sessions_close
DSS-BO-001-00282,META,2025-10-27,2025-10-28,2025-11-11,750.68,625.45,10,-16.682208131294285,-16.782208131294286,-16.882208131294284,-16.982208131294286,10.0,20.0,30.0,next_open,time_stop_10_sessions_close
DSS-BO-001-00283,MSFT,2025-10-27,2025-10-28,2025-11-11,546.54,505.48,10,-7.512716361108051,-7.612716361108052,-7.712716361108052,-7.812716361108052,10.0,20.0,30.0,next_open,time_stop_10_sessions_close
DSS-BO-001-00284,ARWR,2025-10-30,2025-10-31,2025-11-14,42.37,41.26,10,-2.6197781449138535,-2.7197781449138536,-2.8197781449138537,-2.9197781449138533,10.0,20.0,30.0,next_open,time_stop_10_sessions_close
DSS-BO-001-00285,TSLA,2025-11-03,2025-11-04,2025-11-18,454.46,401.25,10,-11.708401179421724,-11.808401179421724,-11.908401179421723,-12.008401179421725,10.0,20.0,30.0,next_open,time_stop_10_sessions_close
DSS-BO-001-00286,AMBA,2025-11-06,2025-11-07,2025-11-21,86.73,86.14,10,-0.6802721088435382,-0.7802721088435381,-0.8802721088435381,-0.9802721088435381,10.0,20.0,30.0,next_open,time_stop_10_sessions_close
DSS-BO-001-00287,AEO,2025-11-10,2025-11-11,2025-11-25,17.59,19.44,10,10.517339397384884,10.417339397384884,10.317339397384885,10.217339397384883,10.0,20.0,30.0,next_open,time_stop_10_sessions_close
DSS-BO-001-00288,AEO,2025-11-26,2025-11-28,2025-12-12,20.12,25.17,10,25.099403578528822,24.999403578528824,24.899403578528823,24.79940357852882,10.0,20.0,30.0,next_open,time_stop_10_sessions_close
DSS-BO-001-00289,ACMR,2025-12-10,2025-12-11,2025-12-26,38.75,40.62,10,4.825806451612902,4.725806451612902,4.625806451612902,4.525806451612901,10.0,20.0,30.0,next_open,time_stop_10_sessions_close
DSS-BO-001-00290,SKYW,2025-12-10,2025-12-11,2025-12-26,107.0,102.75,10,-3.971962616822433,-4.071962616822433,-4.171962616822434,-4.271962616822433,10.0,20.0,30.0,next_open,time_stop_10_sessions_close
DSS-BO-001-00291,TSLA,2025-12-12,2025-12-15,2025-12-30,469.45,454.43,10,-3.1994887634465785,-3.2994887634465786,-3.3994887634465787,-3.4994887634465788,10.0,20.0,30.0,next_open,time_stop_10_sessions_close
DSS-BO-001-00292,BROS,2025-12-17,2025-12-18,2026-01-05,64.5,60.12,10,-6.790697674418611,-6.890697674418611,-6.990697674418611,-7.090697674418611,10.0,20.0,30.0,next_open,time_stop_10_sessions_close
DSS-BO-001-00293,IOVA,2025-12-22,2025-12-23,2026-01-08,2.82,2.61,10,-7.4468085106382915,-7.546808510638292,-7.646808510638293,-7.746808510638292,10.0,20.0,30.0,next_open,time_stop_10_sessions_close
DSS-BO-001-00294,NVDA,2025-12-23,2025-12-24,2026-01-09,187.71,184.63,10,-1.6408289382558228,-1.7408289382558229,-1.840828938255823,-1.9408289382558226,10.0,20.0,30.0,next_open,time_stop_10_sessions_close
DSS-BO-001-00295,ZETA,2025-12-26,2025-12-29,2026-01-13,20.42,23.51,10,15.132223310479919,15.03222331047992,14.93222331047992,14.83222331047992,10.0,20.0,30.0,next_open,time_stop_10_sessions_close
DSS-BO-001-00296,ACMR,2026-01-05,2026-01-06,2026-01-21,45.68,53.45,10,17.009632224168136,16.909632224168135,16.809632224168137,16.709632224168136,10.0,20.0,30.0,next_open,time_stop_10_sessions_close
DSS-BO-001-00297,DLO,2026-01-05,2026-01-06,2026-01-21,14.52,13.28,10,-8.539944903581265,-8.639944903581265,-8.739944903581264,-8.839944903581266,10.0,20.0,30.0,next_open,time_stop_10_sessions_close
DSS-BO-001-00298,AEO,2026-01-06,2026-01-07,2026-01-22,27.75,24.97,10,-10.018018018018026,-10.118018018018027,-10.218018018018027,-10.318018018018027,10.0,20.0,30.0,next_open,time_stop_10_sessions_close
DSS-BO-001-00299,ALGM,2026-01-06,2026-01-07,2026-01-22,31.15,33.81,10,8.539325842696632,8.439325842696633,8.339325842696631,8.239325842696632,10.0,20.0,30.0,next_open,time_stop_10_sessions_close
DSS-BO-001-00300,AMBA,2026-01-06,2026-01-07,2026-01-22,79.81,69.07,10,-13.456960280666596,-13.556960280666598,-13.656960280666597,-13.756960280666597,10.0,20.0,30.0,next_open,time_stop_10_sessions_close
DSS-BO-001-00301,AMZN,2026-01-06,2026-01-07,2026-01-22,239.61,234.34,10,-2.1994073703100914,-2.2994073703100915,-2.3994073703100915,-2.499407370310091,10.0,20.0,30.0,next_open,time_stop_10_sessions_close
DSS-BO-001-00302,GH,2026-01-06,2026-01-07,2026-01-22,112.65,117.28,10,4.110075454948947,4.010075454948947,3.910075454948947,3.810075454948947,10.0,20.0,30.0,next_open,time_stop_10_sessions_close
DSS-BO-001-00303,AX,2026-01-08,2026-01-09,2026-01-26,93.24,93.46,10,0.2359502359502441,0.1359502359502441,0.03595023595024411,-0.06404976404975589,10.0,20.0,30.0,next_open,time_stop_10_sessions_close
DSS-BO-001-00304,GOOG,2026-01-12,2026-01-13,2026-01-28,334.84,335.84,10,0.29865010154104255,0.19865010154104254,0.09865010154104253,-0.001349898458957461,10.0,20.0,30.0,next_open,time_stop_10_sessions_close
DSS-BO-001-00305,GOOGL,2026-01-12,2026-01-13,2026-01-28,334.43,335.57,10,0.34087850970307976,0.24087850970307975,0.14087850970307975,0.040878509703079755,10.0,20.0,30.0,next_open,time_stop_10_sessions_close
DSS-BO-001-00306,NXT,2026-01-12,2026-01-13,2026-01-28,100.04,119.97,10,19.92203118752498,19.82203118752498,19.72203118752498,19.62203118752498,10.0,20.0,30.0,next_open,time_stop_10_sessions_close
DSS-BO-001-00307,SEDG,2026-01-12,2026-01-13,2026-01-28,35.81,35.8,10,-0.02792516056968619,-0.1279251605696862,-0.2279251605696862,-0.3279251605696862,10.0,20.0,30.0,next_open,time_stop_10_sessions_close
DSS-BO-001-00308,WING,2026-01-12,2026-01-13,2026-01-28,282.04,271.67,10,-3.6767834349737627,-3.776783434973763,-3.876783434973763,-3.976783434973763,10.0,20.0,30.0,next_open,time_stop_10_sessions_close
DSS-BO-001-00309,CRDO,2026-01-13,2026-01-14,2026-01-29,159.5,129.47,10,-18.82758620689655,-18.927586206896553,-19.02758620689655,-19.127586206896552,10.0,20.0,30.0,next_open,time_stop_10_sessions_close
DSS-BO-001-00310,TMDX,2026-01-13,2026-01-14,2026-01-29,140.13,138.97,10,-0.8278027545850275,-0.9278027545850276,-1.0278027545850275,-1.1278027545850273,10.0,20.0,30.0,next_open,time_stop_10_sessions_close
DSS-BO-001-00311,AAON,2026-01-14,2026-01-15,2026-01-30,88.87,90.88,10,2.2617306177562524,2.1617306177562523,2.061730617756252,1.9617306177562526,10.0,20.0,30.0,next_open,time_stop_10_sessions_close
DSS-BO-001-00312,FRPT,2026-01-20,2026-01-21,2026-02-04,68.29,69.2,10,1.3325523502708991,1.232552350270899,1.1325523502708992,1.0325523502708993,10.0,20.0,30.0,next_open,time_stop_10_sessions_close
DSS-BO-001-00313,ENPH,2026-01-22,2026-01-23,2026-02-06,41.5,49.8,10,19.999999999999996,19.899999999999995,19.799999999999997,19.699999999999996,10.0,20.0,30.0,next_open,time_stop_10_sessions_close
DSS-BO-001-00314,CROX,2026-02-12,2026-02-13,2026-03-02,99.87,86.85,10,-13.036948032442186,-13.136948032442186,-13.236948032442186,-13.336948032442187,10.0,20.0,30.0,next_open,time_stop_10_sessions_close
DSS-BO-001-00315,IOVA,2026-02-24,2026-02-25,2026-03-11,4.18,4.84,10,15.789473684210531,15.689473684210531,15.589473684210532,15.48947368421053,10.0,20.0,30.0,next_open,time_stop_10_sessions_close
DSS-BO-001-00316,FRPT,2026-02-27,2026-03-02,2026-03-16,83.23,75.37,10,-9.443710200648802,-9.543710200648803,-9.643710200648803,-9.743710200648803,10.0,20.0,30.0,next_open,time_stop_10_sessions_close
DSS-BO-001-00317,SEDG,2026-03-19,2026-03-20,2026-04-06,47.41,45.09,10,-4.893482387681914,-4.993482387681913,-5.093482387681913,-5.193482387681914,10.0,20.0,30.0,next_open,time_stop_10_sessions_close
DSS-BO-001-00318,AX,2026-04-08,2026-04-09,2026-04-23,92.52,97.67,10,5.566364029399051,5.466364029399051,5.366364029399051,5.2663640293990515,10.0,20.0,30.0,next_open,time_stop_10_sessions_close
DSS-BO-001-00319,COST,2026-04-08,2026-04-09,2026-04-23,1027.45,1012.91,10,-1.4151540220935455,-1.5151540220935455,-1.6151540220935456,-1.7151540220935453,10.0,20.0,30.0,next_open,time_stop_10_sessions_close
DSS-BO-001-00320,ARWR,2026-04-09,2026-04-10,2026-04-24,66.38,73.91,10,11.34377824645978,11.24377824645978,11.143778246459778,11.043778246459778,10.0,20.0,30.0,next_open,time_stop_10_sessions_close
DSS-BO-001-00321,AVGO,2026-04-09,2026-04-10,2026-04-24,360.51,422.09,10,17.081356966519646,16.981356966519645,16.881356966519647,16.781356966519645,10.0,20.0,30.0,next_open,time_stop_10_sessions_close
DSS-BO-001-00322,CRDO,2026-04-13,2026-04-14,2026-04-28,154.11,165.92,10,7.663357342158172,7.563357342158172,7.463357342158172,7.363357342158173,10.0,20.0,30.0,next_open,time_stop_10_sessions_close
DSS-BO-001-00323,NVDA,2026-04-14,2026-04-15,2026-04-29,196.32,209.01,10,6.46393643031784,6.363936430317841,6.26393643031784,6.16393643031784,10.0,20.0,30.0,next_open,time_stop_10_sessions_close
DSS-BO-001-00324,CARG,2026-04-17,2026-04-20,2026-05-04,36.71,36.98,10,0.7354944156905407,0.6354944156905408,0.5354944156905408,0.43549441569054076,10.0,20.0,30.0,next_open,time_stop_10_sessions_close
DSS-BO-001-00325,GOOG,2026-04-17,2026-04-20,2026-05-04,338.36,379.41,10,12.13204870552076,12.03204870552076,11.93204870552076,11.832048705520759,10.0,20.0,30.0,next_open,time_stop_10_sessions_close
DSS-BO-001-00326,PRVA,2026-04-17,2026-04-20,2026-05-04,24.0,24.24,10,1.0000000000000009,0.9000000000000008,0.8000000000000009,0.7000000000000008,10.0,20.0,30.0,next_open,time_stop_10_sessions_close
DSS-BO-001-00327,ALGM,2026-04-20,2026-04-21,2026-05-05,40.85,49.68,10,21.615667074663403,21.5156670746634,21.415667074663403,21.315667074663402,10.0,20.0,30.0,next_open,time_stop_10_sessions_close
DSS-BO-001-00328,ACMR,2026-04-22,2026-04-23,2026-05-07,54.95,59.2,10,7.734303912647866,7.634303912647866,7.534303912647866,7.4343039126478665,10.0,20.0,30.0,next_open,time_stop_10_sessions_close
DSS-BO-001-00329,GOOGL,2026-04-24,2026-04-27,2026-05-11,346.15,388.41,10,12.208580095334408,12.108580095334409,12.008580095334409,11.90858009533441,10.0,20.0,30.0,next_open,time_stop_10_sessions_close
DSS-BO-001-00330,AMBA,2026-05-01,2026-05-04,2026-05-18,72.03,78.88,10,9.509926419547398,9.409926419547398,9.309926419547399,9.209926419547399,10.0,20.0,30.0,next_open,time_stop_10_sessions_close
DSS-BO-001-00331,FIVN,2026-05-01,2026-05-04,2026-05-18,22.28,21.13,10,-5.161579892280077,-5.261579892280077,-5.361579892280077,-5.461579892280078,10.0,20.0,30.0,next_open,time_stop_10_sessions_close
DSS-BO-001-00332,GOOG,2026-05-05,2026-05-06,2026-05-20,389.33,384.67,10,-1.196928055890878,-1.296928055890878,-1.3969280558908779,-1.4969280558908777,10.0,20.0,30.0,next_open,time_stop_10_sessions_close
DSS-BO-001-00333,ALGM,2026-05-06,2026-05-07,2026-05-21,43.9,44.7,10,1.822323462414599,1.7223234624145989,1.6223234624145988,1.5223234624145991,10.0,20.0,30.0,next_open,time_stop_10_sessions_close
DSS-BO-001-00334,ARWR,2026-05-06,2026-05-07,2026-05-21,78.38,75.54,10,-3.623373309517719,-3.723373309517719,-3.823373309517719,-3.9233733095177192,10.0,20.0,30.0,next_open,time_stop_10_sessions_close
DSS-BO-001-00335,BROS,2026-05-06,2026-05-07,2026-05-21,54.0,53.46,10,-1.0000000000000009,-1.100000000000001,-1.2000000000000008,-1.3000000000000007,10.0,20.0,30.0,next_open,time_stop_10_sessions_close
DSS-BO-001-00336,TSLA,2026-05-07,2026-05-08,2026-05-22,416.48,426.01,10,2.288225124855936,2.188225124855936,2.088225124855936,1.9882251248559362,10.0,20.0,30.0,next_open,time_stop_10_sessions_close
DSS-BO-001-00337,CRDO,2026-05-11,2026-05-12,2026-05-27,203.25,221.23,10,8.84624846248463,8.74624846248463,8.646248462484628,8.546248462484629,10.0,20.0,30.0,next_open,time_stop_10_sessions_close
DSS-BO-001-00338,AVGO,2026-05-14,2026-05-15,2026-06-01,432.18,459.24,10,6.261280022212978,6.161280022212978,6.061280022212978,5.9612800222129785,10.0,20.0,30.0,next_open,time_stop_10_sessions_close
DSS-BO-001-00339,CROX,2026-05-21,2026-05-22,2026-06-08,109.0,120.65,10,10.688073394495422,10.588073394495423,10.488073394495423,10.388073394495423,10.0,20.0,30.0,next_open,time_stop_10_sessions_close
DSS-BO-001-00340,AAPL,2026-05-22,2026-05-26,2026-06-09,309.61,290.55,10,-6.15613190788411,-6.256131907884111,-6.3561319078841105,-6.45613190788411,10.0,20.0,30.0,next_open,time_stop_10_sessions_close
DSS-BO-001-00341,IOVA,2026-05-27,2026-05-28,2026-06-11,4.38,3.96,10,-9.589041095890405,-9.689041095890405,-9.789041095890404,-9.889041095890406,10.0,20.0,30.0,next_open,time_stop_10_sessions_close
DSS-BO-001-00342,ZETA,2026-05-29,2026-06-01,2026-06-15,23.65,19.77,10,-16.405919661733613,-16.505919661733614,-16.605919661733616,-16.705919661733613,10.0,20.0,30.0,next_open,time_stop_10_sessions_close
DSS-BO-001-00343,AVGO,2026-06-02,2026-06-03,2026-06-17,493.99,392.28,10,-20.589485617117763,-20.689485617117764,-20.789485617117766,-20.889485617117764,10.0,20.0,30.0,next_open,time_stop_10_sessions_close
DSS-BO-001-00344,LRN,2026-06-03,2026-06-04,2026-06-18,101.52,82.8,10,-18.439716312056742,-18.539716312056743,-18.63971631205674,-18.739716312056743,10.0,20.0,30.0,next_open,time_stop_10_sessions_close
DSS-BO-001-00345,BROS,2026-06-10,2026-06-11,2026-06-26,60.68,71.85,10,18.408042188529983,18.30804218852998,18.208042188529983,18.108042188529982,10.0,20.0,30.0,next_open,time_stop_10_sessions_close
DSS-BO-001-00346,ARWR,2026-06-17,2026-06-18,2026-07-02,82.92,83.99,9,1.2904003859141255,1.1904003859141254,1.0904003859141256,0.9904003859141256,10.0,20.0,30.0,next_open,time_stop_10_sessions_close
DSS-BO-001-00347,AX,2026-06-24,2026-06-25,2026-07-02,94.13,97.9,5,4.005099330712847,3.9050993307128468,3.8050993307128467,3.7050993307128466,10.0,20.0,30.0,next_open,time_stop_10_sessions_close
DSS-BO-001-00348,GH,2026-06-24,2026-06-25,2026-07-02,137.85,167.98,5,21.85709104098659,21.757091040986587,21.657091040986586,21.557091040986588,10.0,20.0,30.0,next_open,time_stop_10_sessions_close
DSS-BO-001-00349,PRVA,2026-06-24,2026-06-25,2026-07-02,24.62,27.36,5,11.129163281884647,11.029163281884646,10.929163281884646,10.829163281884647,10.0,20.0,30.0,next_open,time_stop_10_sessions_close
DSS-BO-001-00350,SKYW,2026-06-24,2026-06-25,2026-07-02,97.22,96.88,5,-0.34972227936639344,-0.4497222793663934,-0.5497222793663934,-0.6497222793663935,10.0,20.0,30.0,next_open,time_stop_10_sessions_close
