policy,symbol,trades,net_x2_sum_pct,net_x2_expectancy_pct
ALL_EVENTS,AAON,71,164.36449870221975,2.3149929394678836
ALL_EVENTS,AAPL,137,139.39750404231944,1.0175000295059813
ALL_EVENTS,ABBV,128,138.56212927061762,1.0825166349267001
ALL_EVENTS,ABNB,82,-211.54221056907906,-2.579783055720476
ALL_EVENTS,ACMR,86,243.0767382224454,2.826473700260993
ALL_EVENTS,ADBE,25,-142.71353443573446,-5.708541377429379
ALL_EVENTS,ADI,145,45.51188987289913,0.31387510257171813
ALL_EVENTS,ADP,89,-53.88409208686458,-0.6054392369310626
ALL_EVENTS,AEO,64,347.3817701785109,5.427840159039233
ALL_EVENTS,ALGM,79,-50.474470406863965,-0.6389173469223287
ALL_EVENTS,AMAT,103,207.8033114723245,2.017507878372083
ALL_EVENTS,AMBA,115,-28.491676243336283,-0.24775370646379377
ALL_EVENTS,AMD,84,395.42323167516895,4.707419424704392
ALL_EVENTS,AMGN,75,39.9215977633564,0.5322879701780854
ALL_EVENTS,AMZN,144,110.21822975136934,0.7654043732733982
ALL_EVENTS,APD,99,8.718719114737958,0.08806786984583796
ALL_EVENTS,APH,97,82.49076494305669,0.8504202571449143
ALL_EVENTS,APP,165,1325.32446962075,8.03226951285303
ALL_EVENTS,APPF,106,-194.2811328795186,-1.8328408762218735
ALL_EVENTS,ARWR,121,592.7724980419202,4.8989462648092585
ALL_EVENTS,AVGO,165,616.8934538392367,3.7387482050862832
ALL_EVENTS,AX,180,604.0571379792765,3.355872988773758
ALL_EVENTS,AXP,149,-95.07263271347337,-0.6380713604931099
ALL_EVENTS,BA,126,103.88337894588209,0.8244712614752546
ALL_EVENTS,BAC,193,89.28180187012862,0.4626000096897856
ALL_EVENTS,BKNG,147,35.60365086324599,0.2422017065526938
ALL_EVENTS,BLK,143,235.05761975953823,1.6437595787380295
ALL_EVENTS,BROS,97,170.15639366099066,1.7541896253710376
ALL_EVENTS,BSX,100,-135.22950966228058,-1.3522950966228058
ALL_EVENTS,C,197,355.1651520005665,1.8028687918810482
ALL_EVENTS,CALM,136,228.85131323610818,1.6827302443831484
ALL_EVENTS,CARG,135,-244.31101439430634,-1.8097112177356025
ALL_EVENTS,CAT,110,217.47466846314688,1.9770424405740625
ALL_EVENTS,CAVA,101,-189.90510027544894,-1.8802485175787025
ALL_EVENTS,CDNS,121,23.227803941784487,0.19196532183292964
ALL_EVENTS,CME,103,-0.6837277901696126,-0.00663813388514187
ALL_EVENTS,CMG,58,-150.96413021880954,-2.602829831358785
ALL_EVENTS,COIN,102,37.39924351587764,0.36665925015566314
ALL_EVENTS,COP,27,-101.04710779791291,-3.7424854739967746
ALL_EVENTS,COST,57,-44.77852793597848,-0.7855882094031312
ALL_EVENTS,CRDO,151,951.9920985934489,6.3045834343937015
ALL_EVENTS,CRM,44,39.58853170798261,0.8997393569996048
ALL_EVENTS,CROX,34,-205.20747844433794,-6.035514071892292
ALL_EVENTS,CRWD,131,72.00375684719974,0.5496469988335858
ALL_EVENTS,CSX,92,11.478492612073586,0.1247662240442781
ALL_EVENTS,CVLT,63,-125.63411946271445,-1.994192372424039
ALL_EVENTS,CVX,113,-90.33935267777758,-0.79946329803343
ALL_EVENTS,DDOG,74,-25.38049173519042,-0.34297961804311383
ALL_EVENTS,DE,84,15.839482256404207,0.18856526495719295
ALL_EVENTS,DECK,70,-176.41702737142495,-2.5202432481632138
ALL_EVENTS,DHR,82,-27.78496325845046,-0.3388410153469568
ALL_EVENTS,DLO,106,-207.84401225855768,-1.9607925684769594
ALL_EVENTS,DUK,134,51.69195357550845,0.3857608475784213
ALL_EVENTS,EMR,106,259.2562037690373,2.4458132431041255
ALL_EVENTS,ENPH,33,-236.04704646577946,-7.152940801993317
ALL_EVENTS,EOG,69,-228.1921806472128,-3.307133052858157
ALL_EVENTS,ETN,130,79.63638255255228,0.612587558096556
ALL_EVENTS,FDX,70,216.38951617829528,3.0912788025470754
ALL_EVENTS,FIVN,2,-11.083621655621144,-5.541810827810572
ALL_EVENTS,FN,110,135.5790404504089,1.2325367313673536
ALL_EVENTS,FOUR,124,48.37305840741042,0.39010530973718077
ALL_EVENTS,FRPT,72,-349.9131263820127,-4.85990453308351
ALL_EVENTS,FUBO,72,33.33632053665822,0.46300445189803086
ALL_EVENTS,GE,152,329.2818255202241,2.166327799475159
ALL_EVENTS,GH,169,971.21308870507,5.746823010089172
ALL_EVENTS,GILD,107,179.35070443844887,1.6761748078359708
ALL_EVENTS,GOOG,162,551.5637782403697,3.4047146804961095
ALL_EVENTS,GOOGL,164,539.1041969992885,3.287220713410296
ALL_EVENTS,GS,179,260.9498907098745,1.457820618490919
ALL_EVENTS,HD,81,-8.418258647587743,-0.10392911910602153
ALL_EVENTS,HIMS,79,478.28909525404674,6.054292344987934
ALL_EVENTS,HON,80,4.951885720516115,0.061898571506451436
ALL_EVENTS,HOOD,139,922.5409788845465,6.636985459601053
ALL_EVENTS,INSP,39,-139.98923594051826,-3.5894675882184166
ALL_EVENTS,INTC,40,299.84419019572834,7.496104754893208
ALL_EVENTS,IOVA,46,-133.34394130974064,-2.8987813328204486
ALL_EVENTS,ISRG,137,-108.37344845947854,-0.7910470690472886
ALL_EVENTS,JNJ,103,179.71632701584576,1.7448187088917064
ALL_EVENTS,JPM,165,3.603003384014353,0.021836384145541534
ALL_EVENTS,KLAC,102,211.68232940544334,2.0753169549553268
ALL_EVENTS,KO,69,-9.97167695486028,-0.14451705731681566
ALL_EVENTS,LIN,129,8.271933815097423,0.06412351794649165
ALL_EVENTS,LLY,82,22.777599467039586,0.2777756032565803
ALL_EVENTS,LMT,54,110.81205706497407,2.0520751308328533
ALL_EVENTS,LOW,79,57.31810416548567,0.7255456223479199
ALL_EVENTS,LRCX,98,477.6159601803712,4.873632246738482
ALL_EVENTS,LRN,81,-340.77680202886563,-4.207121012702045
ALL_EVENTS,LULU,36,-243.14115330615533,-6.7539209251709815
ALL_EVENTS,MA,114,-137.57949171919668,-1.20683764665962
ALL_EVENTS,MCD,102,-39.10147942131986,-0.3833478374639202
ALL_EVENTS,MDT,114,33.78332507635356,0.29634495681011896
ALL_EVENTS,MELI,110,-112.14323006238743,-1.0194839096580675
ALL_EVENTS,META,130,43.838266749869916,0.3372174365374609
ALL_EVENTS,MNDY,127,47.424715488274146,0.37342295660058383
ALL_EVENTS,MRK,44,5.1193137566642495,0.11634803992418749
ALL_EVENTS,MRVL,109,183.40324349835197,1.682598564205064
ALL_EVENTS,MS,201,376.8016150053962,1.874634900524359
ALL_EVENTS,MSFT,97,29.22776158748072,0.3013171297678425
ALL_EVENTS,MU,84,651.814627781479,7.759697949779512
ALL_EVENTS,NEE,134,33.510415908495546,0.2500777306604145
ALL_EVENTS,NFLX,136,-86.44137452490764,-0.6355983420949092
ALL_EVENTS,NKE,35,-53.35095320942684,-1.524312948840767
ALL_EVENTS,NOW,127,86.4660623457543,0.6808351365807425
ALL_EVENTS,NVDA,172,427.8930097108693,2.4877500564585424
ALL_EVENTS,NXT,70,356.34389354031345,5.090627050575907
ALL_EVENTS,OLLI,98,-102.3024852920238,-1.0439029111431
ALL_EVENTS,ORCL,94,425.4121736804909,4.525661422132882
ALL_EVENTS,PANW,146,-58.44984850612539,-0.4003414281241465
ALL_EVENTS,PATH,27,-102.89255853679565,-3.810835501362802
ALL_EVENTS,PDD,96,-513.1858793814183,-5.3456862435564405
ALL_EVENTS,PEP,71,-103.09256346733267,-1.452007936159615
ALL_EVENTS,PFE,78,-76.7166251118806,-0.9835464757933411
ALL_EVENTS,PG,31,-40.713733943273674,-1.3133462562346347
ALL_EVENTS,PLTR,185,917.8704683637502,4.9614619911554065
ALL_EVENTS,PRVA,134,53.67595083737285,0.40056679729382727
ALL_EVENTS,PYPL,62,-89.73029372873414,-1.4472628020763572
ALL_EVENTS,QCOM,72,-155.43488088551123,-2.158817790076545
ALL_EVENTS,REGN,72,27.388036220371642,0.38038939194960614
ALL_EVENTS,RTX,135,51.53860662679166,0.3817674564947531
ALL_EVENTS,RXRX,22,-322.99862127431413,-14.681755512468824
ALL_EVENTS,SBUX,96,-59.45562789689154,-0.6193294572592869
ALL_EVENTS,SCHW,134,-94.99629027559727,-0.7089275393701289
ALL_EVENTS,SEDG,90,29.706602851960486,0.3300733650217832
ALL_EVENTS,SG,40,61.31451829911033,1.5328629574777584
ALL_EVENTS,SHOP,125,619.417161852992,4.955337294823936
ALL_EVENTS,SHW,80,4.652766837368352,0.058159585467104404
ALL_EVENTS,SKYW,140,180.59650607048482,1.2899750433606059
ALL_EVENTS,SLB,46,78.69397441445759,1.7107385742273389
ALL_EVENTS,SNOW,75,212.27417416365049,2.8303223221820066
ALL_EVENTS,SNPS,117,-469.90733807145057,-4.016302034798723
ALL_EVENTS,SO,152,104.50295519236661,0.6875194420550436
ALL_EVENTS,SOUN,98,-201.38993783528755,-2.0549993656661996
ALL_EVENTS,TGT,63,-120.84826985534102,-1.9182265056403336
ALL_EVENTS,TMDX,106,-206.14499661534475,-1.9447641190126863
ALL_EVENTS,TMO,99,11.756111602821914,0.1187486020487062
ALL_EVENTS,TSLA,123,98.3825766505454,0.7998583467524016
ALL_EVENTS,TTD,78,176.37806293724285,2.261257217144139
ALL_EVENTS,TXN,101,96.42486780147668,0.9547016614007592
ALL_EVENTS,UBER,125,-74.55897961305398,-0.5964718369044318
ALL_EVENTS,UNH,93,-6.57431823528637,-0.07069159392781042
ALL_EVENTS,UNP,85,-148.3911735814467,-1.7457785127229024
ALL_EVENTS,UPS,43,-39.2321271189551,-0.9123750492780256
ALL_EVENTS,UPST,67,27.84079526634609,0.41553425770665803
ALL_EVENTS,V,108,-26.015901989282824,-0.24088798138224837
ALL_EVENTS,VRTX,68,-153.39967450918857,-2.2558775663115966
ALL_EVENTS,WFC,156,-113.52590576304827,-0.7277301651477454
ALL_EVENTS,WING,56,-218.9929971054487,-3.9105892340258697
ALL_EVENTS,WMT,128,13.050522519866696,0.10195720718645856
ALL_EVENTS,XOM,96,-26.11731296486434,-0.27205534338400356
ALL_EVENTS,ZETA,79,283.20804779978386,3.5849119974656185
MAX_2_NEW_TRADES_PER_DAY_SIM,AAON,2,-10.596337196045479,-5.298168598022739
MAX_2_NEW_TRADES_PER_DAY_SIM,AAPL,11,2.71548688166291,0.24686244378753727
MAX_2_NEW_TRADES_PER_DAY_SIM,ABBV,14,0.6551804578103564,0.046798604129311173
MAX_2_NEW_TRADES_PER_DAY_SIM,ABNB,5,-37.1804108828471,-7.436082176569419
MAX_2_NEW_TRADES_PER_DAY_SIM,ACMR,1,-29.582889200561002,-29.582889200561002
MAX_2_NEW_TRADES_PER_DAY_SIM,ADBE,2,-10.839652493000806,-5.419826246500403
MAX_2_NEW_TRADES_PER_DAY_SIM,ADI,6,5.668701445960945,0.9447835743268241
MAX_2_NEW_TRADES_PER_DAY_SIM,ADP,12,-8.599070764738947,-0.7165892303949123
MAX_2_NEW_TRADES_PER_DAY_SIM,AEO,4,33.12453999404391,8.281134998510977
MAX_2_NEW_TRADES_PER_DAY_SIM,AMBA,1,21.418101904606868,21.418101904606868
MAX_2_NEW_TRADES_PER_DAY_SIM,AMGN,7,-6.381389217089951,-0.9116270310128501
MAX_2_NEW_TRADES_PER_DAY_SIM,AMZN,6,-9.77137274467341,-1.628562124112235
MAX_2_NEW_TRADES_PER_DAY_SIM,APD,13,-10.300660939144946,-0.7923585337803805
MAX_2_NEW_TRADES_PER_DAY_SIM,APH,8,8.67113405059694,1.0838917563246175
MAX_2_NEW_TRADES_PER_DAY_SIM,APPF,4,-9.582392024164676,-2.395598006041169
MAX_2_NEW_TRADES_PER_DAY_SIM,ARWR,4,-10.980461785019855,-2.745115446254964
MAX_2_NEW_TRADES_PER_DAY_SIM,AVGO,2,10.323071451830446,5.161535725915223
MAX_2_NEW_TRADES_PER_DAY_SIM,AX,4,13.206925909824985,3.3017314774562463
MAX_2_NEW_TRADES_PER_DAY_SIM,AXP,13,-2.7505445051896773,-0.2115803465530521
MAX_2_NEW_TRADES_PER_DAY_SIM,BA,7,-20.97519733697154,-2.9964567624245055
MAX_2_NEW_TRADES_PER_DAY_SIM,BAC,18,22.27461495101094,1.2374786083894966
MAX_2_NEW_TRADES_PER_DAY_SIM,BKNG,10,6.128609655441178,0.6128609655441177
MAX_2_NEW_TRADES_PER_DAY_SIM,BLK,16,26.06820098770657,1.6292625617316607
MAX_2_NEW_TRADES_PER_DAY_SIM,BROS,3,21.334839376131278,7.111613125377093
MAX_2_NEW_TRADES_PER_DAY_SIM,BSX,14,-8.618921535686685,-0.6156372525490489
MAX_2_NEW_TRADES_PER_DAY_SIM,C,11,32.70074514752596,2.9727950134114507
MAX_2_NEW_TRADES_PER_DAY_SIM,CALM,5,24.687562534718666,4.937512506943733
MAX_2_NEW_TRADES_PER_DAY_SIM,CARG,2,-12.248064078046603,-6.124032039023302
MAX_2_NEW_TRADES_PER_DAY_SIM,CAT,7,29.274533437522123,4.182076205360303
MAX_2_NEW_TRADES_PER_DAY_SIM,CAVA,2,7.687104121336363,3.8435520606681814
MAX_2_NEW_TRADES_PER_DAY_SIM,CDNS,3,17.859555388753414,5.9531851295844715
MAX_2_NEW_TRADES_PER_DAY_SIM,CME,13,-14.664695024087514,-1.1280534633913473
MAX_2_NEW_TRADES_PER_DAY_SIM,CMG,3,-5.755494697503572,-1.9184982325011906
MAX_2_NEW_TRADES_PER_DAY_SIM,COP,4,2.2506862830167123,0.5626715707541781
MAX_2_NEW_TRADES_PER_DAY_SIM,COST,13,-13.550445443016834,-1.042341957155141
MAX_2_NEW_TRADES_PER_DAY_SIM,CRDO,1,-32.777433628318576,-32.777433628318576
MAX_2_NEW_TRADES_PER_DAY_SIM,CRM,1,11.870770519262974,11.870770519262974
MAX_2_NEW_TRADES_PER_DAY_SIM,CROX,1,-13.236948032442186,-13.236948032442186
MAX_2_NEW_TRADES_PER_DAY_SIM,CRWD,5,23.320270886121087,4.664054177224218
MAX_2_NEW_TRADES_PER_DAY_SIM,CSX,13,5.186059147016408,0.39892762669356985
MAX_2_NEW_TRADES_PER_DAY_SIM,CVX,16,8.578874510099478,0.5361796568812174
MAX_2_NEW_TRADES_PER_DAY_SIM,DE,7,33.07963635216366,4.7256623360233805
MAX_2_NEW_TRADES_PER_DAY_SIM,DECK,4,6.709864168236891,1.6774660420592227
MAX_2_NEW_TRADES_PER_DAY_SIM,DHR,7,-6.493468116608602,-0.9276383023726574
MAX_2_NEW_TRADES_PER_DAY_SIM,DLO,4,-56.82142845890293,-14.205357114725732
MAX_2_NEW_TRADES_PER_DAY_SIM,DUK,17,1.026970519294348,0.06041003054672635
MAX_2_NEW_TRADES_PER_DAY_SIM,EMR,8,18.782929832050087,2.347866229006261
MAX_2_NEW_TRADES_PER_DAY_SIM,ENPH,1,-4.925404312668469,-4.925404312668469
MAX_2_NEW_TRADES_PER_DAY_SIM,EOG,8,-10.582771204140993,-1.3228464005176241
MAX_2_NEW_TRADES_PER_DAY_SIM,ETN,4,14.470950652937365,3.617737663234341
MAX_2_NEW_TRADES_PER_DAY_SIM,FDX,9,16.98554349408652,1.8872826104540579
MAX_2_NEW_TRADES_PER_DAY_SIM,FOUR,2,-6.376751167801874,-3.188375583900937
MAX_2_NEW_TRADES_PER_DAY_SIM,FRPT,4,-25.041362693990944,-6.260340673497736
MAX_2_NEW_TRADES_PER_DAY_SIM,GE,8,21.600958492196362,2.7001198115245453
MAX_2_NEW_TRADES_PER_DAY_SIM,GH,2,31.72096239153317,15.860481195766585
MAX_2_NEW_TRADES_PER_DAY_SIM,GILD,7,3.3208584337259373,0.4744083476751339
MAX_2_NEW_TRADES_PER_DAY_SIM,GOOG,10,36.07703777829698,3.6077037778296983
MAX_2_NEW_TRADES_PER_DAY_SIM,GOOGL,9,59.86028539041257,6.651142821156952
MAX_2_NEW_TRADES_PER_DAY_SIM,GS,10,10.805561513603646,1.0805561513603645
MAX_2_NEW_TRADES_PER_DAY_SIM,HD,8,3.5831438150414128,0.4478929768801766
MAX_2_NEW_TRADES_PER_DAY_SIM,HIMS,2,46.28195041512751,23.140975207563756
MAX_2_NEW_TRADES_PER_DAY_SIM,HON,11,6.836815489525994,0.6215286808659994
MAX_2_NEW_TRADES_PER_DAY_SIM,INTC,1,-2.034862385321101,-2.034862385321101
MAX_2_NEW_TRADES_PER_DAY_SIM,IOVA,1,81.07208480565372,81.07208480565372
MAX_2_NEW_TRADES_PER_DAY_SIM,ISRG,7,-11.063279178555042,-1.5804684540792917
MAX_2_NEW_TRADES_PER_DAY_SIM,JNJ,17,29.98222018896728,1.7636600111157223
MAX_2_NEW_TRADES_PER_DAY_SIM,JPM,17,9.281887374867981,0.5459933749922342
MAX_2_NEW_TRADES_PER_DAY_SIM,KO,13,-16.279832419369665,-1.2522948014899742
MAX_2_NEW_TRADES_PER_DAY_SIM,LIN,14,3.835002676553069,0.2739287626109335
MAX_2_NEW_TRADES_PER_DAY_SIM,LLY,5,11.343598746851114,2.2687197493702227
MAX_2_NEW_TRADES_PER_DAY_SIM,LMT,8,5.794385631662802,0.7242982039578503
MAX_2_NEW_TRADES_PER_DAY_SIM,LOW,5,-6.17903528273257,-1.235807056546514
MAX_2_NEW_TRADES_PER_DAY_SIM,LRN,6,-10.645057037344362,-1.774176172890727
MAX_2_NEW_TRADES_PER_DAY_SIM,LULU,2,-10.728761889203863,-5.3643809446019315
MAX_2_NEW_TRADES_PER_DAY_SIM,MA,14,-12.470869877524471,-0.8907764198231766
MAX_2_NEW_TRADES_PER_DAY_SIM,MCD,14,-8.655393517724328,-0.6182423941231663
MAX_2_NEW_TRADES_PER_DAY_SIM,MDT,16,8.24676736476933,0.5154229602980831
MAX_2_NEW_TRADES_PER_DAY_SIM,MELI,2,-2.136084978705843,-1.0680424893529215
MAX_2_NEW_TRADES_PER_DAY_SIM,META,2,-25.548264400689803,-12.774132200344901
MAX_2_NEW_TRADES_PER_DAY_SIM,MRK,6,-15.62504373950968,-2.6041739565849467
MAX_2_NEW_TRADES_PER_DAY_SIM,MRVL,3,36.97254289458118,12.324180964860394
MAX_2_NEW_TRADES_PER_DAY_SIM,MS,17,42.464683502263156,2.497922558956656
MAX_2_NEW_TRADES_PER_DAY_SIM,MSFT,14,-5.314770825927961,-0.3796264875662829
MAX_2_NEW_TRADES_PER_DAY_SIM,NEE,9,9.614814023181784,1.0683126692424205
MAX_2_NEW_TRADES_PER_DAY_SIM,NFLX,5,-4.074082503496823,-0.8148165006993645
MAX_2_NEW_TRADES_PER_DAY_SIM,NOW,4,-13.095881791247677,-3.2739704478119194
MAX_2_NEW_TRADES_PER_DAY_SIM,NVDA,3,-2.1597287952070383,-0.7199095984023461
MAX_2_NEW_TRADES_PER_DAY_SIM,NXT,3,-20.027728358122875,-6.675909452707625
MAX_2_NEW_TRADES_PER_DAY_SIM,OLLI,2,-18.865991554837713,-9.432995777418856
MAX_2_NEW_TRADES_PER_DAY_SIM,ORCL,3,7.107374289730862,2.3691247632436205
MAX_2_NEW_TRADES_PER_DAY_SIM,PANW,5,9.334996508935644,1.866999301787129
MAX_2_NEW_TRADES_PER_DAY_SIM,PATH,1,-1.2703363914373098,-1.2703363914373098
MAX_2_NEW_TRADES_PER_DAY_SIM,PDD,4,-37.951570251033296,-9.487892562758324
MAX_2_NEW_TRADES_PER_DAY_SIM,PEP,10,-3.1626673877299556,-0.31626673877299555
MAX_2_NEW_TRADES_PER_DAY_SIM,PFE,11,-4.449133070420107,-0.40446664276546423
MAX_2_NEW_TRADES_PER_DAY_SIM,PG,7,-9.064110791554857,-1.2948729702221224
MAX_2_NEW_TRADES_PER_DAY_SIM,PRVA,8,-2.636349259274951,-0.32954365740936886
MAX_2_NEW_TRADES_PER_DAY_SIM,PYPL,4,5.6563521804707255,1.4140880451176814
MAX_2_NEW_TRADES_PER_DAY_SIM,QCOM,1,1.6199584707462966,1.6199584707462966
MAX_2_NEW_TRADES_PER_DAY_SIM,REGN,7,16.784277541414006,2.397753934487715
MAX_2_NEW_TRADES_PER_DAY_SIM,RTX,15,-0.4055470533785943,-0.027036470225239622
MAX_2_NEW_TRADES_PER_DAY_SIM,SBUX,5,17.90205381326384,3.580410762652768
MAX_2_NEW_TRADES_PER_DAY_SIM,SCHW,16,-14.861455442663672,-0.9288409651664795
MAX_2_NEW_TRADES_PER_DAY_SIM,SEDG,4,-11.976263751017889,-2.9940659377544723
MAX_2_NEW_TRADES_PER_DAY_SIM,SHW,10,-11.80943992935728,-1.180943992935728
MAX_2_NEW_TRADES_PER_DAY_SIM,SKYW,1,-0.5497222793663934,-0.5497222793663934
MAX_2_NEW_TRADES_PER_DAY_SIM,SLB,3,-13.034858397682758,-4.344952799227586
MAX_2_NEW_TRADES_PER_DAY_SIM,SNOW,1,17.245086705202304,17.245086705202304
MAX_2_NEW_TRADES_PER_DAY_SIM,SNPS,3,-28.961249062379967,-9.653749687459989
MAX_2_NEW_TRADES_PER_DAY_SIM,SO,21,-13.844268165935922,-0.6592508650445678
MAX_2_NEW_TRADES_PER_DAY_SIM,SOUN,1,2.469404517453788,2.469404517453788
MAX_2_NEW_TRADES_PER_DAY_SIM,TGT,6,-22.985619179338446,-3.830936529889741
MAX_2_NEW_TRADES_PER_DAY_SIM,TMDX,1,1.5977188609411774,1.5977188609411774
MAX_2_NEW_TRADES_PER_DAY_SIM,TMO,7,2.8604326042967916,0.40863322918525596
MAX_2_NEW_TRADES_PER_DAY_SIM,TSLA,3,0.2774093106134205,0.0924697702044735
MAX_2_NEW_TRADES_PER_DAY_SIM,TXN,5,2.4093905919079397,0.48187811838158795
MAX_2_NEW_TRADES_PER_DAY_SIM,UBER,1,-6.192201928996499,-6.192201928996499
MAX_2_NEW_TRADES_PER_DAY_SIM,UNH,8,12.673290820282535,1.5841613525353169
MAX_2_NEW_TRADES_PER_DAY_SIM,UNP,14,-14.772407660876075,-1.0551719757768625
MAX_2_NEW_TRADES_PER_DAY_SIM,UPS,5,-15.842230182163298,-3.16844603643266
MAX_2_NEW_TRADES_PER_DAY_SIM,V,18,-0.5216654937436402,-0.028981416319091124
MAX_2_NEW_TRADES_PER_DAY_SIM,VRTX,7,9.32341900120526,1.3319170001721798
MAX_2_NEW_TRADES_PER_DAY_SIM,WFC,13,-12.454775489067547,-0.9580596530051959
MAX_2_NEW_TRADES_PER_DAY_SIM,WMT,17,30.72597516955348,1.8074103040913811
MAX_2_NEW_TRADES_PER_DAY_SIM,XOM,11,-0.6848718583265514,-0.062261078029686494
MAX_2_NEW_TRADES_PER_DAY_SIM,ZETA,1,29.57707006369428,29.57707006369428
ONE_ACTIVE_PER_SYMBOL,AAON,13,26.212826080330295,2.0163712369484843
ONE_ACTIVE_PER_SYMBOL,AAPL,17,3.8639650110713806,0.2272920594747871
ONE_ACTIVE_PER_SYMBOL,ABBV,17,9.821635463848803,0.5777432625793414
ONE_ACTIVE_PER_SYMBOL,ABNB,12,-30.069474354252353,-2.5057895295210293
ONE_ACTIVE_PER_SYMBOL,ACMR,13,74.33072638561926,5.7177481835091735
ONE_ACTIVE_PER_SYMBOL,ADBE,5,-21.693718412731034,-4.338743682546207
ONE_ACTIVE_PER_SYMBOL,ADI,19,28.1514295636919,1.4816541875627316
ONE_ACTIVE_PER_SYMBOL,ADP,13,-4.610813855266537,-0.3546779888666567
ONE_ACTIVE_PER_SYMBOL,AEO,12,4.298682404153343,0.35822353367944526
ONE_ACTIVE_PER_SYMBOL,ALGM,11,39.79582541412079,3.6178023103746173
ONE_ACTIVE_PER_SYMBOL,AMAT,13,29.64933712395312,2.280718240304086
ONE_ACTIVE_PER_SYMBOL,AMBA,17,10.860738934292499,0.6388669961348529
ONE_ACTIVE_PER_SYMBOL,AMD,13,61.246618021348525,4.711278309334502
ONE_ACTIVE_PER_SYMBOL,AMGN,15,-19.51010658691581,-1.300673772461054
ONE_ACTIVE_PER_SYMBOL,AMZN,18,16.33118685431545,0.9072881585730806
ONE_ACTIVE_PER_SYMBOL,APD,14,-14.867279281134062,-1.0619485200810044
ONE_ACTIVE_PER_SYMBOL,APH,16,13.119622324325599,0.8199763952703499
ONE_ACTIVE_PER_SYMBOL,APP,20,122.96873898412748,6.148436949206374
ONE_ACTIVE_PER_SYMBOL,APPF,14,-10.146467291169426,-0.724747663654959
ONE_ACTIVE_PER_SYMBOL,ARWR,15,57.78368527714946,3.852245685143297
ONE_ACTIVE_PER_SYMBOL,AVGO,19,83.38619290634486,4.3887469950707825
ONE_ACTIVE_PER_SYMBOL,AX,22,39.04722831024998,1.7748740141022716
ONE_ACTIVE_PER_SYMBOL,AXP,20,-16.076343979965834,-0.8038171989982917
ONE_ACTIVE_PER_SYMBOL,BA,16,-9.783441702473537,-0.6114651064045961
ONE_ACTIVE_PER_SYMBOL,BAC,26,16.5652723591167,0.637125859966027
ONE_ACTIVE_PER_SYMBOL,BKNG,16,9.50688441831401,0.5941802761446257
ONE_ACTIVE_PER_SYMBOL,BLK,18,14.265065247829835,0.7925036248794353
ONE_ACTIVE_PER_SYMBOL,BROS,17,26.891106618296,1.5818298010762353
ONE_ACTIVE_PER_SYMBOL,BSX,16,-6.889859133920273,-0.43061619587001704
ONE_ACTIVE_PER_SYMBOL,C,25,18.57036596199921,0.7428146384799684
ONE_ACTIVE_PER_SYMBOL,CALM,14,46.65329466448412,3.3323781903202945
ONE_ACTIVE_PER_SYMBOL,CARG,20,-14.914143834805214,-0.7457071917402607
ONE_ACTIVE_PER_SYMBOL,CAT,16,12.403806726846156,0.7752379204278848
ONE_ACTIVE_PER_SYMBOL,CAVA,14,-29.167081297189835,-2.083362949799274
ONE_ACTIVE_PER_SYMBOL,CDNS,18,-2.980692559582497,-0.1655940310879165
ONE_ACTIVE_PER_SYMBOL,CME,17,-6.604310874679175,-0.38848887498112794
ONE_ACTIVE_PER_SYMBOL,CMG,7,-13.029587614209202,-1.861369659172743
ONE_ACTIVE_PER_SYMBOL,COIN,14,-55.947192757938296,-3.9962280541384496
ONE_ACTIVE_PER_SYMBOL,COP,9,-31.321357785848523,-3.4801508650942803
ONE_ACTIVE_PER_SYMBOL,COST,14,-10.180648676967476,-0.7271891912119626
ONE_ACTIVE_PER_SYMBOL,CRDO,19,123.86569820126799,6.519247273750946
ONE_ACTIVE_PER_SYMBOL,CRM,6,0.5642184242469774,0.09403640404116291
ONE_ACTIVE_PER_SYMBOL,CROX,8,-65.35756590299451,-8.169695737874314
ONE_ACTIVE_PER_SYMBOL,CRWD,17,43.535889625373116,2.5609346838454776
ONE_ACTIVE_PER_SYMBOL,CSX,17,-13.802222928620587,-0.8118954663894463
ONE_ACTIVE_PER_SYMBOL,CVLT,10,-31.354555405796138,-3.135455540579614
ONE_ACTIVE_PER_SYMBOL,CVX,17,3.8516528521751594,0.2265678148338329
ONE_ACTIVE_PER_SYMBOL,DDOG,12,20.122098662749103,1.6768415552290918
ONE_ACTIVE_PER_SYMBOL,DE,15,32.84270774563943,2.189513849709295
ONE_ACTIVE_PER_SYMBOL,DECK,11,-30.042639282942584,-2.731149025722053
ONE_ACTIVE_PER_SYMBOL,DHR,11,-10.195458444902018,-0.9268598586274561
ONE_ACTIVE_PER_SYMBOL,DLO,15,5.8772757795096275,0.39181838530064184
ONE_ACTIVE_PER_SYMBOL,DUK,17,0.4081538907412612,0.024009052396544776
ONE_ACTIVE_PER_SYMBOL,EMR,15,9.573656157667621,0.6382437438445081
ONE_ACTIVE_PER_SYMBOL,ENPH,6,-3.5794576525342663,-0.5965762754223777
ONE_ACTIVE_PER_SYMBOL,EOG,15,-21.933786513611892,-1.4622524342407928
ONE_ACTIVE_PER_SYMBOL,ETN,16,-1.3400037427335532,-0.08375023392084707
ONE_ACTIVE_PER_SYMBOL,FDX,11,12.396998750549502,1.126999886413591
ONE_ACTIVE_PER_SYMBOL,FIVN,2,-11.083621655621144,-5.541810827810572
ONE_ACTIVE_PER_SYMBOL,FN,15,-4.765050765492685,-0.3176700510328457
ONE_ACTIVE_PER_SYMBOL,FOUR,14,-7.783479560023834,-0.5559628257159882
ONE_ACTIVE_PER_SYMBOL,FRPT,13,-24.2939443884513,-1.8687649529577923
ONE_ACTIVE_PER_SYMBOL,FUBO,9,-14.715301718956342,-1.6350335243284824
ONE_ACTIVE_PER_SYMBOL,GE,19,63.85681858782173,3.3608851888327225
ONE_ACTIVE_PER_SYMBOL,GH,22,108.22889673300237,4.919495306045563
ONE_ACTIVE_PER_SYMBOL,GILD,15,-5.7284942859744055,-0.38189961906496034
ONE_ACTIVE_PER_SYMBOL,GOOG,20,73.09184308181823,3.654592154090911
ONE_ACTIVE_PER_SYMBOL,GOOGL,21,71.07328611038587,3.3844421957326603
ONE_ACTIVE_PER_SYMBOL,GS,21,38.75603683279235,1.8455255634663021
ONE_ACTIVE_PER_SYMBOL,HD,9,-1.6343043537585098,-0.18158937263983443
ONE_ACTIVE_PER_SYMBOL,HIMS,11,136.2092031190953,12.382654829008663
ONE_ACTIVE_PER_SYMBOL,HON,11,6.836815489525994,0.6215286808659994
ONE_ACTIVE_PER_SYMBOL,HOOD,16,108.6629334824033,6.7914333426502065
ONE_ACTIVE_PER_SYMBOL,INSP,8,-66.80560191014399,-8.350700238767999
ONE_ACTIVE_PER_SYMBOL,INTC,9,72.74088353011334,8.082320392234815
ONE_ACTIVE_PER_SYMBOL,IOVA,10,4.294090770332524,0.4294090770332524
ONE_ACTIVE_PER_SYMBOL,ISRG,18,-29.450326979106734,-1.6361292766170408
ONE_ACTIVE_PER_SYMBOL,JNJ,17,28.83819345527232,1.6963643208983719
ONE_ACTIVE_PER_SYMBOL,JPM,20,18.213149444307852,0.9106574722153926
ONE_ACTIVE_PER_SYMBOL,KLAC,14,11.211376339138422,0.8008125956527444
ONE_ACTIVE_PER_SYMBOL,KO,13,-16.279832419369665,-1.2522948014899742
ONE_ACTIVE_PER_SYMBOL,LIN,14,3.835002676553069,0.2739287626109335
ONE_ACTIVE_PER_SYMBOL,LLY,15,-8.539302977709053,-0.5692868651806035
ONE_ACTIVE_PER_SYMBOL,LMT,8,4.256786781840516,0.5320983477300645
ONE_ACTIVE_PER_SYMBOL,LOW,12,22.40073782408334,1.866728152006945
ONE_ACTIVE_PER_SYMBOL,LRCX,13,41.17918567170288,3.167629667054068
ONE_ACTIVE_PER_SYMBOL,LRN,14,-61.28490172099947,-4.37749298007139
ONE_ACTIVE_PER_SYMBOL,LULU,5,-43.28706879686327,-8.657413759372654
ONE_ACTIVE_PER_SYMBOL,MA,14,-11.413895195948697,-0.8152782282820498
ONE_ACTIVE_PER_SYMBOL,MCD,15,-7.438396624494924,-0.4958931082996616
ONE_ACTIVE_PER_SYMBOL,MDT,16,7.410097471255787,0.4631310919534867
ONE_ACTIVE_PER_SYMBOL,MELI,14,-20.356501372655153,-1.454035812332511
ONE_ACTIVE_PER_SYMBOL,META,15,2.714231720210293,0.18094878134735287
ONE_ACTIVE_PER_SYMBOL,MNDY,13,-15.434969134024177,-1.1873053180018598
ONE_ACTIVE_PER_SYMBOL,MRK,10,-18.277547494456137,-1.8277547494456137
ONE_ACTIVE_PER_SYMBOL,MRVL,14,5.485172505015113,0.39179803607250807
ONE_ACTIVE_PER_SYMBOL,MS,23,51.438238343293136,2.236445145360571
ONE_ACTIVE_PER_SYMBOL,MSFT,15,-2.0663326833591293,-0.13775551222394194
ONE_ACTIVE_PER_SYMBOL,MU,12,63.29727158935104,5.27477263244592
ONE_ACTIVE_PER_SYMBOL,NEE,20,22.547296241270587,1.1273648120635293
ONE_ACTIVE_PER_SYMBOL,NFLX,19,-27.35389806615075,-1.4396788455868816
ONE_ACTIVE_PER_SYMBOL,NKE,5,-15.442380731049976,-3.088476146209995
ONE_ACTIVE_PER_SYMBOL,NOW,14,1.225399406594808,0.08752852904248629
ONE_ACTIVE_PER_SYMBOL,NVDA,20,63.226712828047596,3.16133564140238
ONE_ACTIVE_PER_SYMBOL,NXT,12,39.18489086809399,3.2654075723411657
ONE_ACTIVE_PER_SYMBOL,OLLI,15,-21.10480119901394,-1.4069867466009294
ONE_ACTIVE_PER_SYMBOL,ORCL,12,73.93950067113767,6.1616250559281385
ONE_ACTIVE_PER_SYMBOL,PANW,18,19.818925890947327,1.1010514383859626
ONE_ACTIVE_PER_SYMBOL,PATH,3,-21.572508689186797,-7.190836229728933
ONE_ACTIVE_PER_SYMBOL,PDD,12,-53.41685823338379,-4.451404852781983
ONE_ACTIVE_PER_SYMBOL,PEP,10,-1.5377279709526182,-0.15377279709526182
ONE_ACTIVE_PER_SYMBOL,PFE,16,-22.6518771182481,-1.4157423198905061
ONE_ACTIVE_PER_SYMBOL,PG,7,-9.064110791554857,-1.2948729702221224
ONE_ACTIVE_PER_SYMBOL,PLTR,20,85.15073934315978,4.257536967157989
ONE_ACTIVE_PER_SYMBOL,PRVA,18,13.601018477929152,0.7556121376627307
ONE_ACTIVE_PER_SYMBOL,PYPL,10,-7.6842796029448195,-0.7684279602944819
ONE_ACTIVE_PER_SYMBOL,QCOM,13,-48.100144547465476,-3.700011119035806
ONE_ACTIVE_PER_SYMBOL,REGN,10,5.242875700424099,0.5242875700424099
ONE_ACTIVE_PER_SYMBOL,RTX,18,5.995601264214425,0.3330889591230236
ONE_ACTIVE_PER_SYMBOL,RXRX,5,-60.313641797527886,-12.062728359505577
ONE_ACTIVE_PER_SYMBOL,SBUX,13,-5.259947050141544,-0.40461131154934954
ONE_ACTIVE_PER_SYMBOL,SCHW,22,-14.82072312840178,-0.6736692331091718
ONE_ACTIVE_PER_SYMBOL,SEDG,13,38.994230742676294,2.9995562109750997
ONE_ACTIVE_PER_SYMBOL,SG,5,15.674881725105326,3.134976345021065
ONE_ACTIVE_PER_SYMBOL,SHOP,14,43.772366514790924,3.1265976081993516
ONE_ACTIVE_PER_SYMBOL,SHW,10,-4.957485153031893,-0.4957485153031893
ONE_ACTIVE_PER_SYMBOL,SKYW,17,30.20030750882804,1.7764886769898847
ONE_ACTIVE_PER_SYMBOL,SLB,7,6.2473111017713565,0.8924730145387653
ONE_ACTIVE_PER_SYMBOL,SNOW,10,33.29408562269005,3.3294085622690046
ONE_ACTIVE_PER_SYMBOL,SNPS,14,-63.806979137189714,-4.557641366942122
ONE_ACTIVE_PER_SYMBOL,SO,22,-12.847976452325113,-0.5839989296511415
ONE_ACTIVE_PER_SYMBOL,SOUN,14,-3.5410718423628893,-0.25293370302592066
ONE_ACTIVE_PER_SYMBOL,TGT,10,-24.615812600146246,-2.4615812600146247
ONE_ACTIVE_PER_SYMBOL,TMDX,16,-22.26328982313166,-1.3914556139457288
ONE_ACTIVE_PER_SYMBOL,TMO,12,12.912722480572594,1.0760602067143827
ONE_ACTIVE_PER_SYMBOL,TSLA,19,48.43175198608981,2.549039578215253
ONE_ACTIVE_PER_SYMBOL,TTD,8,16.552136220596026,2.0690170275745032
ONE_ACTIVE_PER_SYMBOL,TXN,12,13.90932076206205,1.1591100635051708
ONE_ACTIVE_PER_SYMBOL,UBER,14,-3.654569083422798,-0.26104064881591416
ONE_ACTIVE_PER_SYMBOL,UNH,12,21.33123561533762,1.7776029679448015
ONE_ACTIVE_PER_SYMBOL,UNP,15,-13.272060901052585,-0.8848040600701723
ONE_ACTIVE_PER_SYMBOL,UPS,7,-24.538506866961395,-3.505500980994485
ONE_ACTIVE_PER_SYMBOL,UPST,10,38.24211645889607,3.824211645889607
ONE_ACTIVE_PER_SYMBOL,V,19,3.9042128648597245,0.20548488762419603
ONE_ACTIVE_PER_SYMBOL,VRTX,14,-10.72536511236797,-0.7660975080262835
ONE_ACTIVE_PER_SYMBOL,WFC,20,7.1685885341958535,0.35842942670979266
ONE_ACTIVE_PER_SYMBOL,WING,9,-22.290612445694748,-2.4767347161883055
ONE_ACTIVE_PER_SYMBOL,WMT,18,18.386429616205323,1.0214683120114068
ONE_ACTIVE_PER_SYMBOL,XOM,16,-17.557805156386962,-1.0973628222741851
ONE_ACTIVE_PER_SYMBOL,ZETA,13,15.821320471389683,1.2170246516453602
